4EX;4 (EARTH X)
1602;MARVEL 1602
1602:FF;MARVEL 1602: FANTASTICK FOUR
1602:NW;MARVEL 1602: NEW WORLD
1602:SM;SPIDER-MAN 1602
1985;1985
2001;2001: A SPACE ODYSSEY
2099:MD;2099: MANIFEST DESTINY
2099:WOT;2099: WORLD OF TOMORROW
2099AD;2099 A.D.
2099AD:A;2099 A.D. APOCALYPSE
2099AD:G;2099 A.D. GENESIS
2099U;2099 UNLIMITED
A;AVENGERS
A2;AVENGERS VOL. 2
A3;AVENGERS VOL. 3
A4;AVENGERS VOL. 4
A5;AVENGERS VOL. 5
A1959;AVENGERS 1959
A/INV;AVENGERS/INVADERS
A/SQS;AVENGERS/SQUADRON SUPREME
A/TB;AVENGERS/THUNDERBOLTS
A/ULTRAF;AVENGERS/ULTRAFORCE
A:C;AVENGERS: CROSSING
A:CC;AVENGERS: CHILDREN'S CRUSADE
A:CC-YA;AVENGERS: CHILDREN'S CRUSADE - YOUNG AVENGERS
A:CE;AVENGERS: COLLECTORS EDITION
A:CQ;AVENGERS: CELESTIAL QUEST
A:DV;AVENGERS: DEATHTRAP, THE VAULT
A:EMH;AVENGERS: EARTH'S MIGHTIEST HEROES
A:EMH2;AVENGERS: EARTH'S MIGHTIEST HEROES VOL. 2
A:FINALE;AVENGERS: FINALE
A:I;AVENGERS: INITIATIVE
A:I SPEC;AVENGERS: INITIATIVE SPECIAL
A:IFRPTL;AVENGERS: INITIATIVE FEATURING REPTIL
A:KS;AVENGERS: KORVAC SAGA TPB
A:O;AVENGERS: ORIGIN
A:T;AVENGERS: TIMESLIDE
A:TO;AVENGERS: TERMINATRIX OBJECTIVE
A:UI;AVENGERS: ULTRON IMPERATIVE
A:XS;AVENGERS: X-SANCTION
A-NXT;A-NEXT
AA;AMAZING ADVENTURES
AA2;AMAZING ADVENTURES VOL. 2
AACAD;AVENGERS ACADEMY
AAFSY;AMAZING ADULT FANTASY
AANGEL;ARCHANGEL
AASS;AVENGERS ASSEMBLE
ABOM;ABOMINATIONS
AC;AVENGERS CLASSIC
ACY&PHX;ADVENTURES OF CYCLOPS & PHOENIX
ADAM:LBM;ADAM: LEGEND OF THE BLUE MARVEL
ADREAM;AMERICAN DREAM
AF;ALPHA FLIGHT
AF2;ALPHA FLIGHT VOL. 2
AF3;ALPHA FLIGHT VOL. 3
AF4;ALPHA FLIGHT VOL. 4
AF SPEC;ALPHA FLIGHT SPECIAL
AF/INHS;ALPHA FLIGHT/INHUMANS
AFSY;AMAZING FANTASY
AFSY2;AMAZING FANTASY VOL. 2
AFT;AVENGERS FAIRY TALES
AFVR;AVENGERS FOREVER
AGENTX;AGENT X
AGEOH;AGE OF HEROES
AHA;AMAZING HIGH ADVENTURE
AI;AVENGERS INFINITY
AIF;ADVENTURES INTO FEAR
ALIAS;ALIAS
ALLSC;ALL SELECT COMICS
ALLSC70A;ALL SELECT COMICS 70TH ANNIVERSARY SPECIAL
ALLTEENC;ALL TEEN COMICS
ALLWC;ALL WINNERS COMICS
ALLWC2;ALL WINNERS COMICS VOL. 2
ALLWC70A;ALL WINNERS COMICS 70TH ANNIVERSARY SPECIAL
ALLWS:BH;ALL-WINNERS SQUAD: BAND OF HEROES
AMAZINGC;AMAZING COMICS
AMYSTERIES;AMAZING MYSTERIES
ANCA;ALL-NEW CAPTAIN AMERICA
ANEX;ALL-NEW EXILES
ANEXV.X;ALL-NEW EXILES VS. X-MEN
ANGEL:REV;ANGEL: REVELATIONS
ANGELSOD;ANGELS OF DESTRUCTION
ANGR;ALL-NEW GHOST RIDER
ANINV;ALL-NEW INVADERS
ANNEX;ANNEX
ANNI;ANNIHILATION
ANNI:HGLCTS;ANNIHILATION: HERALDS OF GALACTUS
ANNI:NO;ANNIHILATION: NOVA
ANNI:PRO;ANNIHILATION: PROLOGUE
ANNI:RO;ANNIHILATION: RONAN
ANNI:SS;ANNIHILATION: SILVER SURFER
ANNI:SUPSKR;ANNIHILATION: SUPER SKRULL
ANNIC;ANNIHILATION CONQUEST
ANNIC:PRO;ANNIHILATION CONQUEST: PROLOGUE
ANNIC:Q;ANNIHILATION CONQUEST: QUASAR
ANNIC:SLORD;ANNIHILATION CONQUEST: STAR-LORD
ANNIC:WRAITH;ANNIHILATION CONQUEST: WRAITH
ANNIS:EF;ANNIHILATORS: EARTHFALL
ANO;ASSAULT ON NEW OLYMPUS
ANSAVSH;ALL NEW SAVAGE SHE-HULK
ANT&WASP;ANT-MAN & WASP
ANTBC;ANT-MAN BIG CHRISTMAS
ANULTS;ALL-NEW ULTIMATES
ANX;ALL-NEW X-MEN
ANXF;ALL-NEW X-FACTOR
ANXT;AVENGERS NEXT
AOA;AGE OF APOCALYPSE
AOA2;AGE OF APOCALYPSE VOL. 2
AOA:BL;AGE OF APOCALYPSE: BY THE LIGHT
AOA:C;AGE OF APOCALYPSE: CHOSEN
AOA:SB;AGE OF APOCALYPSE: SINISTER BLOODLINES
AOASE;AGE OF APOCALYPSE SPECIAL EDITION
AOATLAS;AGENTS OF ATLAS
AOATLAS2;AGENTS OF ATLAS VOL. 2
AOD;ARMY OF DARKNESS
AOI:RIM;AGE OF INNOCENCE: REBIRTH OF IRON MAN
AOSENTRY;AGE OF THE SENTRY
AOU;AGE OF ULTRON
AOX:ALPHA;AGE OF X: ALPHA
APKID;APACHE KID
APKID2;APACHE KID VOL. 2
APLUSX;A+X
APRIME;AVENGERS PRIME
APSKIES;APACHE SKIES
ARANA;ARANA: HEART OF THE SPIDER
ARES;ARES
ASCRS;AMAZING SCARLET SPIDER
ASG;AMAZING SPIDER-GIRL
ASKANISON;ASKANI'SON
ASM;AMAZING SPIDER-MAN
ASM2;AMAZING SPIDER-MAN VOL. 2
ASM3;AMAZING SPIDER-MAN VOL. 3
ASM SSPEC;AMAZING SPIDER-MAN SUPER SPECIAL
ASM/DDINO;AMAZING SPIDER-MAN/DEVIL DINOSAUR
ASM:BIQ;AMAZING SPIDER-MAN: BACK IN QUACK
ASM:ENDS;AMAZING SPIDER-MAN: ENDS OF THE EARTH
ASM:F&E;AMAZING SPIDER-MAN: FRIENDS & ENEMIES
ASM:FI;AMAZING SPIDER-MAN: FEAR ITSELF
ASM:OH;AMAZING SPIDER-MAN: ORIGIN OF THE HUNTER
ASM:SE;AMAZING SPIDER-MAN: SPIRITS OF THE EARTH
ASM:SH;AMAZING SPIDER-MAN: SOUL OF THE HUNTER
ASM:SHWEEN;AMAZING SPIDER-MAN: SHORT HALLOWEEN
ASM:SWING;AMAZING SPIDER-MAN: SWING SHIFT
ASME;AMAZING SPIDER-MAN EXTRA
ASMF;AMAZING SPIDER-MAN FAMILY
ASMP:ANTIV;AMAZING SPIDER-MAN PRESENTS: ANTI-VENOM
ASMP:ASON;AMAZING SPIDER-MAN PRESENTS: AMERICAN SON
ASMP:JPOT;AMAZING SPIDER-MAN PRESENTS: JACKPOT
ASOLO;AVENGERS SOLO
ASPOT;AVENGERS SPOTLIGHT
ASTON;ASTONISHING
ASTONSM&W;ASTONISHING SPIDER-MAN & WOLVERINE
ASTONT;ASTONISHING THOR
ASTONX;ASTONISHING X-MEN
ASTONX2;ASTONISHING X-MEN VOL. 2
ASTONX3;ASTONISHING X-MEN VOL. 3
ASTONX:X;ASTONISHING X-MEN: XENOGENESIS
ASTRIKE;AVENGERS STRIKE FILE
AT;ASTONISHING TALES
AT2;ASTONISHING TALES VOL. 2
AT:FORTUNE;ASTONISHING TALES: DOMINIC FORTUNE
ATCRIMEC;ALL TRUE CRIME CASES
ATLAS;ATLAS
ATWO:WM&BEAST;AVENGERS TWO: WONDER MAN & BEAST
AUP;AVENGERS UNPLUGGED
AV.ATLAS;AVENGERS VS. ATLAS
AV:CS;AVATAARS: COVENANT OF THE SHIELD
AVENGSM;AVENGING SPIDER-MAN
AVX;AVENGERS VS. X-MEN
AVX:C;AVX: CONSEQUENCES
AVXVS;AVX VS.
AWC;AVENGERS WEST COAST
AX;AMAZING X-MEN
AX2;AMAZING X-MEN VOL. 2
B&BEAST;BEAUTY & BEAST
B-S;B-SIDES
BALLISTIC/W;BALLISTIC/WOLVERINE
BAXE;BLACK AXE
BCAT;BLACK CAT
BCAT2;BLACK CAT VOL. 2
BDOOM;BOOKS OF DOOM
BEAST;BEAST
BEASTS;BEASTS
BEYOND;BEYOND!
BFDPB;BABY'S FIRST DEADPOOL BOOK
BFF:BGRIMM&L;BEFORE THE FANTASTIC FOUR: BEN GRIMM & LOGAN
BFF:REED;BEFORE THE FANTASTIC FOUR: REED RICHARDS
BFF:STORMS;BEFORE THE FANTASTIC FOUR: STORMS
BFORCE;BRUTE FORCE
BG;BLACK GOLIATH
BH6;BIG HERO 6
BHOOD;BROTHERHOOD
BICM/W;BREAKING INTO COMICS THE MARVEL WAY
BIZADV;BIZARRE ADVENTURES (MAGAZINE)
BK;BLACK KNIGHT
BK2;BLACK KNIGHT VOL. 2
BK:E;BLACK KNIGHT: EXODUS
BLAZE;BLAZE
BLAZE:LOB;BLAZE: LEGACY OF BLOOD
BLD;BLADE
BLD2;BLADE VOL. 2 (STRANGE TALES IMPRINT)
BLD3;BLADE VOL. 3
BLD4;BLADE VOL. 4 (MAX IMPRINT)
BLD5;BLADE VOL. 5
BLDRB;BALDER THE BRAVE
BLDVH;BLADE THE VAMPIRE-HUNTER
BLINK;BLINK
BLKSTNM;BLACKSTONE, THE MAGICIAN
BLKSTNMD;BLACKSTONE, THE MAGICIAN DETECTIVE
BOG;BLAZE OF GLORY
BOM/C;BEST OF MARVEL COMICS
BORN;BORN
BP;BLACK PANTHER
BP2;BLACK PANTHER VOL. 2
BP3;BLACK PANTHER VOL. 3
BP4;BLACK PANTHER VOL. 4
BP5;BLACK PANTHER VOL. 5
BP:MDMA;BLACK PANTHER: MOST DANGEROUS MAN ALIVE
BP:MWF;BLACK PANTHER: MAN WITHOUT FEAR
BP:PP;BLACK PANTHER: PANTHER'S PREY
BPENBITS;BULLPEN BITS
BPHANTOM;BLONDE PHANTOM
BRB:GH;BETA RAY BILL: GODHUNTER
BSCARS;BATTLE SCARS
BSEED;BLOODSEED
BSEP ∞;BLACK SEPTEMBER ∞
BSHP;BISHOP
BSHP:LXM;BISHOP: THE LAST X-MAN
BSHP:XSE;BISHOP: XAVIER SECURITY ENFORCER
BSTONE;BLOODSTONE
BSUN:X;BLACK SUN: X-MEN
BTHRU;BREAK-THRU
BTIDE;BATTLETIDE
BTIDE2;BATTLETIDE VOL. 2
BUG;BUG
BULL:GH;BULLSEYE: GREATEST HITS
BULL:PG;BULLSEYE: PERFECT GAME
BUZZ;BUZZ
BW;BLACK WIDOW
BW2;BLACK WIDOW VOL. 2
BW3;BLACK WIDOW VOL. 3
BW4;BLACK WIDOW VOL. 4
BW5;BLACK WIDOW VOL. 5 (THE THINGS THEY SAY ABOUT HER...)
BW6;BLACK WIDOW VOL. 6
BW7;BLACK WIDOW VOL. 7
BW:CW;BLACK WIDOW: COLDEST WAR
BW:DO;BLACK WIDOW: DEADLY ORIGIN
BWULF;BLACKWULF
C;CABLE
C2;CABLE VOL. 2
C&DP;CABLE & DEADPOOL
C&NM;CABLE & NEW MUTANTS TPB
C&XFOR;CABLE & X-FORCE
C/MM;CABLE/MACHINE MAN
C:B&M;CABLE: BLOOD AND METAL
CA;CAPTAIN AMERICA
CA2;CAPTAIN AMERICA VOL. 2
CA3;CAPTAIN AMERICA VOL. 3
CA4;CAPTAIN AMERICA VOL. 4
CA5;CAPTAIN AMERICA VOL. 5
CA6;CAPTAIN AMERICA VOL. 6
CA7;CAPTAIN AMERICA VOL. 7
CA65AS;CAPTAIN AMERICA 65TH ANNIVERSARY SPECIAL
CA&BTRC;CAPTAIN AMERICA & BATROC
CA&BUCKY;CAPTAIN AMERICA & BUCKY
CA&BW;CAPTAIN AMERICA & BLACK WIDOW
CA&CRB;CAPTAIN AMERICA & CROSSBONES
CA&FAL;CAPTAIN AMERICA & FALCON
CA&FAL2;CAPTAIN AMERICA & FALCON VOL. 2
CA&FIRST13;CAPTAIN AMERICA & THE FIRST THIRTEEN
CA&HAWK;CAPTAIN AMERICA & HAWKEYE
CA&IM;CAPTAIN AMERICA & IRON MAN
CA&N;CAPTAIN AMERICA & NAMOR
CA&SECA;CAPTAIN AMERICA & SECRET AVENGERS
CA/CV;CAPTAIN AMERICA/CITIZEN V
CA/NF:BT;CAPTAIN AMERICA/NICK FURY: BLOOD TRUCE
CA/NF:OWW;CAPTAIN AMERICA/NICK FURY: OTHER WORLD WAR
CA:DC;CAPTAIN AMERICA: DIRECTORS CUT
CA:DMR;CAPTAIN AMERICA: DEAD MEN RUNNING
CA:DW;CAPTAIN AMERICA: DRUG WARS
CA:FA;CAPTAIN AMERICA: FOREVER ALLIES
CA:LEGEND;CAPTAIN AMERICA: LEGEND
CA:ME;CAPTAIN AMERICA: MEDUSA EFFECT
CA:MOOT;CAPTAIN AMERICA: MAN OUT OF TIME
CA:P;CAPTAIN AMERICA: PATRIOT
CA:REBORN;CAPTAIN AMERICA: REBORN
CA:RW&B TPB;CAPTAIN AMERICA: RED WHITE & BLUE TRADE PAPERBACK
CA:SL;CAPTAIN AMERICA: SENTINEL OF LIBERTY
CA:WHO;CAPTAIN AMERICA: WHO WILL WIELD THE SHIELD?
CA:WPG;CAPTAIN AMERICA: WHAT PRICE GLORY
CABB;CAPTAIN AMERICA'S BICENTENNIAL BATTLES (TREASURY)
CAC;CAPTAIN AMERICA COMICS
CAC70A;CAPTAIN AMERICA COMICS 70TH ANNIVERSARY SPECIAL
CAD;CLOAK AND DAGGER
CAD2;CLOAK AND DAGGER VOL. 2
CAD3;CLOAK AND DAGGER VOL. 3
CAD4;CLOAK AND DAGGER VOL. 4
CAGE;CAGE
CALL;CALL
CALLD:BHOOD;CALL OF DUTY: BROTHERHOOD
CALLD:PRCNT;CALL OF DUTY: PRECINCT
CALLD:WAGON;CALL OF DUTY: WAGON
CAP;CAP
CAT;CAT
CAT-MANC;CAT-MAN COMICS
CATOW:AF;CAPTAIN AMERICA THEATER OF WAR: AMERICA FIRST!
CATOW:ATB;CAPTAIN AMERICA THEATER OF WAR: AMERICA THE BEAUTIFUL
CATOW:BIA;CAPTAIN AMERICA THEATER OF WAR: A BROTHER IN ARMS
CATOW:GOMC;CAPTAIN AMERICA THEATER OF WAR: GHOSTS OF MY COUNTRY
CATOW:OZP;CAPTAIN AMERICA THEATER OF WAR: OPERATION ZERO POINT
CATOW:POD;CAPTAIN AMERICA THEATER OF WAR: PRISONERS OF DUTY
CATOW:TSO;CAPTAIN AMERICA THEATER OF WAR: TO SOLDIER ON
CB;CAPTAIN BRITAIN (British Comic)
CB2;CAPTAIN BRITAIN VOL. 2 (British Comic)
CB&MI13;CAPTAIN BRITAIN & MI13
CDAWN;CRIMSON DAWN
CDYNAMO;CRIMSON DYNAMO
CEDGE;CUTTING EDGE
CEN:DS;CENTURY: DISTANT SONS
CHAMBER;CHAMBER
CHAMPC;CHAMP COMICS
CHAMPIONC;CHAMPION COMICS
CHAOS;CHAOS WAR
CHAOS:AF;CHAOS WAR: ALPHA FLIGHT
CHAOS:CK;CHAOS WAR: CHAOS KING
CHAOS:DA;CHAOS WAR: DEAD AVENGERS
CHAOS:GS;CHAOS WAR: GOD SQUAD
CHAOS:T;CHAOS WAR: THOR
CHMPS;CHAMPIONS
CHILI;CHILI
CINDYC;CINDY COMICS
CINDYS;CINDY SMITH
CK;COMBAT KELLY
CK2;COMBAT KELLY VOL. 2
CLAN;CLANDESTINE
CLAN2;CLANDESTINE VOL. 2
CLAP;CLASSIC PUNISHER
CLAWS;CLAWS
CLYSM;CATACLYSM
CLYSM:ULTCSM;CATACLYSM: ULTIMATE COMICS SPIDER-MAN
CLYSM:ULTCULTS;CATACLYSM: ULTIMATE COMICS ULTIMATES
CLYSM:ULTCXM;CATACLYSM: ULTIMATE COMICS X-MEN
CLYSM:ULTSLS;CATACLYSM: ULTIMATES' LAST STAND
CM;CAPTAIN MARVEL
CM2;CAPTAIN MARVEL VOL. 2
CM3;CAPTAIN MARVEL VOL. 3
CM4;CAPTAIN MARVEL VOL. 4
CM5;CAPTAIN MARVEL VOL. 5
CM6;CAPTAIN MARVEL VOL. 6 (EARTH'S MIGHTIEST HERO)
CM7;CAPTAIN MARVEL VOL. 7
CM GSSPEC;CAPTAIN MARVEL GIANT-SIZE SPECIAL
CM:FYM;CAPTAIN MARVEL: FREE  YOUR MIND
CMPLTC;COMPLETE COMICS
CMPLTM;COMPLETE MYSTERY
CN:FARM;CODENAME: FIREARM
CN:GENE;CODENAME: GENETIX
CN:SFIRE;CODENAME: SPITFIRE
CO;CONAN
COB;CONAN THE BARBARIAN
COCHILLS;CHAMBER OF CHILLS
COCII;CONTEST OF CHAMPIONS II
CODNESS;CHAMBER OF DARKNESS
COH;CODE OF HONOR
COL;COLOSSUS
COMEDYC;COMEDY COMICS
COMET;COMET MAN
CONSPIRACY;CONSPIRACY
CORUNE;CURSE OF RUNE
COSAV;CONAN THE SAVAGE
COTL;CREATURES ON THE LOOSE
COV;CHILDREN OF THE VOYAGER
COV.RUNE;CONAN VS. RUNE
CP;COSMIC POWERS
CPU;COSMIC POWERS UNLIMITED
CRASHC;CRASH COMICS
CREW;CREW
CRIMEF;CRIMEFIGHTERS
CRITICAL MASS;CRITICAL MASS
CRNG;CARNAGE
CRNG:MB;CARNAGE: MIND BOMB
CRNG:WL;CARNAGE: IT'S A WONDERFUL LIFE
CRNGUSA;CARNAGE U.S.A.
CRSM:BLD;CURSE OF THE MUTANTS: BLADE
CRSM:S&B;CURSE OF THE MUTANTS: SMOKE & BLOOD
CRSM:STORM&GAM;CURSE OF THE MUTANTS: STORM & GAMBIT
CRSM:XV.V;CURSE OF THE MUTANTS: X-MEN VS. VAMPIRES
CRYS;CRYSTAR
CSAV;CAPTAIN SAVAGE
CU/DD;CAPTAIN UNIVERSE/DAREDEVIL
CU/H;CAPTAIN UNIVERSE/HULK
CU/INVW;CAPTAIN UNIVERSE/INVISIBLE WOMAN
CU/SS;CAPTAIN UNIVERSE/SILVER SURFER
CU/X-23;CAPTAIN UNIVERSE/X-23
CV;CITIZEN V AND THE V BATTALION
CV2;CITIZEN V AND THE V BATTALION VOL. 2 (EVERLASTING)
CW;CIVIL WAR
CW:BDR;CIVIL WAR: BATTLE DAMAGE REPORT
CW:C;CIVIL WAR: CONFESSION
CW:CS;CIVIL WAR: CHOOSING SIDES
CW:FL;CIVIL WAR: FRONT LINE
CW:I;CIVIL WAR: INITIATIVE
CW:R;CIVIL WAR: RETURN
CW:WC;CIVIL WAR: WAR CRIMES
CW:X;CIVIL WAR: X-MEN
CW:YA/RUN;CIVIL WAR: YOUNG AVENGERS/RUNAWAYS
CX;CLASSIC X-MEN
CY;CYCLOPS
CY3;CYCLOPS VOL. 3
CYBER;CYBERSPACE 3000
CYBERFORCE;CYBERFORCE
CYBLADE/GR;CYBLADE/GHOST RIDER
D.P.7;D.P.7
D:LU;DRACULA: LORD OF THE UNDEAD
DA;DARK AVENGERS
DA2;DARK AVENGERS VOL. 2
DA/UX:EXODUS;DARK AVENGERS/UNCANNY X-MEN: EXODUS
DA/UX:UTOPIA;DARK AVENGERS/UNCANNY X-MEN: UTOPIA
DA:ARES;DARK AVENGERS: ARES
DAKEN:DW;DAKEN: DARK WOLVERINE
DAMCON;DAMAGE CONTROL
DAMCON2;DAMAGE CONTROL VOL. 2
DAMCON3;DAMAGE CONTROL VOL. 3
DANGEL;DARK ANGEL
DARC;DARING COMICS
DARMC;DARING MYSTERY COMICS
DARMC70A;DARING MYSTERY COMICS 70TH ANNIVERSARY SPECIAL
DAYD;DAYDREAMERS
DAZZ;DAZZLER
DAZZ2;DAZZLER VOL. 2
DB;DAILY BUGLE
DBCW;DAILY BUGLE CIVIL WAR SPECIAL
DC/M/:AACC;DC/MARVEL: ALL ACCESS
DCLAWS;DRAGON'S CLAWS
DCV.M/;DC VS. MARVEL
DCUT;DIE-CUT
DCUTV.GF;DIE-CUT VS. G-FORCE
DD;DAREDEVIL
DD2;DAREDEVIL VOL. 2
DD3;DAREDEVIL VOL. 3
DD4;DAREDEVIL VOL. 4
DD&CA:DOA;DAREDEVIL & CAPTAIN AMERICA: DEAD ON ARRIVAL
DD/BW:A;DAREDEVIL/BLACK WIDOW: ABATTOIR
DD/SM;DAREDEVIL/SPIDER-MAN
DD:BJM;DAREDEVIL: BATTLING JACK MURDOCK
DD:BOT;DAREDEVIL: BLOOD OF THE TARANTULA
DD:CM;DAREDEVIL: CAGE MATCH
DD:F;DAREDEVIL: FATHER
DD:FFG;DAREDEVIL: FALL FROM GRACE TPB
DD:N;DAREDEVIL: NINJA
DD:R;DAREDEVIL: REDEMPTION
DD:T;DAREDEVIL: TARGET
DD:YELLOW;DAREDEVIL: YELLOW
DDEVIL;DARKDEVIL
DDINO;DEVIL DINOSAUR
DDINO2;DEVIL DINOSAUR VOL. 2
DDNOIR;DAREDEVIL NOIR
DDS;DAREDEVILS (British Comic)
DDV.P;DAREDEVIL VS PUNISHER
DEATH3;DEATH³
DEDGE:A;DOUBLE EDGE: ALPHA
DEDGE:O;DOUBLE EDGE: OMEGA
DEF;DEFENDERS
DEF2;DEFENDERS VOL. 2
DEF3;DEFENDERS VOL. 3
DEF4;DEFENDERS VOL. 4
DEVILS;DEVILS
DF;DOMINATION FACTOR
DFSM;DEADLY FOES OF SPIDER-MAN
DGUARD;DARK GUARD
DH;DEATH'S HEAD
DH:BIQ;DEATH'S HEAD: BODY IN QUESTION
DHAWK;DARKHAWK
DHGOLD;DEATH'S HEAD GOLD
DHII;DEATH'S HEAD II
DHII2;DEATH'S HEAD II VOL. 2
DHII&ODCUT;DEATH'S HEAD II & ORIGIN OF DIE-CUT
DHKF;DEADLY HANDS OF KUNG FU
DHKF2;DEADLY HANDS OF KUNG FU VOL. 2
DHOLD;DARKHOLD
DIGI;DIGITEK
DISTX;DISTRICT X
DL;DRACULA LIVES! (MAGAZINE)
DLINE;DEADLINE
DLOK;DEATHLOK
DLOK2;DEATHLOK VOL. 2
DLOK3;DEATHLOK VOL. 3
DMTL;DEATH METAL
DMTLV.GENE;DEATH METAL VS. GENETIX
DN;DAKOTA NORTH
DOCSAM;DOC SAMSON
DOCSAM2;DOC SAMSON VOL. 2
DOCSAV;DOC SAVAGE
DOCSAV2;DOC SAVAGE VOL. 2 (MAGAZINE)
DOD;DAUGHTERS OF THE DRAGON
DOMINO;DOMINO
DOMINO2;DOMINO VOL. 2
DON;DEAD OF NIGHT
DOOM;DOOM
DOOM:ER;DOOM: EMPEROR RETURNS
DOOM2099;DOOM 2099
DOOMWAR;DOOMWAR
DP;DEADPOOL
DP2;DEADPOOL VOL. 2
DP3;DEADPOOL VOL. 3
DP4;DEADPOOL VOL. 4
DP5;DEADPOOL VOL. 5
DP&C;DEADPOOL & CABLE
DP/DEATH;DEADPOOL/DEATH
DP/GLI:SUMF;DEADPOOL/GLI SUMMER FUN SPECTACULAR
DP:GOD;DEADPOOL: GAME$ OF DEATH
DP:MERC;DEADPOOL: MERC WITH A MOUTH
DP:SK;DEADPOOL: SUICIDE KINGS
DPB;DEADPOOL BI-
DPCORPS;DEADPOOL CORPS
DPF;DEADPOOL FAMILY
DPPULP;DEADPOOL PULP
DPTU;DEADPOOL TEAM-UP
DPTU2;DEADPOOL TEAM-UP VOL. 2
DR:CABAL;DARK REIGN: CABAL
DR:EL;DARK REIGN: ELEKTRA
DR:FF;DARK REIGN: FANTASTIC FOUR
DR:GL;DARK REIGN: GOBLIN LEGACY
DR:HAWK;DARK REIGN: HAWKEYE
DR:HOOD;DARK REIGN: HOOD
DR:LL;DARK REIGN: LETHAL LEGION
DR:MM;DARK REIGN: MADE MEN
DR:MN;DARK REIGN: MR. NEGATIVE
DR:NN;DARK REIGN: NEW NATION
DR:SINSM;DARK REIGN: SINISTER SPIDER-MAN
DR:YA;DARK REIGN: YOUNG AVENGERS
DR:Z;DARK REIGN: ZODIAC
DRAFT;DRAFT
DRAX;DRAX
DRAXD;DRAX THE DESTROYER
DRL:A;DARK REIGN LIST: AVENGERS
DRL:ASM;DARK REIGN LIST: AMAZING SPIDER-MAN
DRL:DD;DARK REIGN LIST: DAREDEVIL
DRL:H;DARK REIGN LIST: HULK
DRL:P;DARK REIGN LIST: PUNISHER
DRL:SECWARR;DARK REIGN LIST: SECRET WARRIORS
DRL:W;DARK REIGN LIST: WOLVERINE
DRL:X;DARK REIGN LIST: X-MEN
DRSP;DOCTOR SPECTRUM
DRUID;DRUID
DRV;DOCTOR VOODOO: AVENGER OF THE SUPERNATURAL
DRV:OJD;DOCTOR VOODOO: ORIGIN OF JERICHO DRUMM
DS;DOCTOR STRANGE
DS2;DOCTOR STRANGE VOL. 2 (MASTER OF THE MYSTIC ARTS)
DS3;DOCTOR STRANGE VOL. 3 (FLIGHT OF BONES)
DS:OATH;DOCTOR STRANGE: OATH
DS:WDS;DR. STRANGE: WHAT IS IT THAT DISTURBS YOU, STEPHEN?
DSSS;DOCTOR STRANGE, SORCEROR SUPREME
DSTAR&WG;DARKSTAR & THE WINTER GUARD
DW;DARK WOLVERINE
DWDEMONS;DANCES WITH DEMONS
DWHOMAG;DOCTOR WHO MAGAZINE
DWRECK;DEATH WRECK
DX;DARK X-MEN
DX:B;DARK X-MEN: BEGINNING
DX:C;DARK X-MEN: CONFESSION
E;ETERNALS
E2;ETERNALS VOL. 2
E3;ETERNALS VOL. 3
E4;ETERNALS VOL. 4
E:AN;ETERNALS: APOCALYPSE NOW
E:HEROD;ETERNALS: HEROD FACTOR
EAGLE;EAGLE
EARX;EARTH X
EARX X;EARTH X X
EARXC;EARTH X COLLECTION
EFROST;EMMA FROST
EHAGE;ENTER THE HEROIC AGE
EL;ELEKTRA
EL2;ELEKTRA VOL. 2
EL&W:R;ELEKTRA & WOLVERINE: REDEEMER
EL/CYBLADE;ELEKTRA/CYBLADE
EL:A;ELEKTRA: ASSASSIN
EL:G&E;ELEKTRA: GLIMPSE & ECHO
EL:HAND;ELEKTRA: HAND
EL:ROE;ELEKTRA: ROOT OF EVIL
ELIM;ELIMINATOR
ELVEN;ELVEN
EPICI;EPIC ILLUSTRATED (MAGAZINE)
EPICGN:PRBN;EPIC GRAPHIC NOVEL: PUNISHER: RETURN TO BIG NOTHING
EUR;EUROPA
EX;EXILES
EX2;EXILES VOL. 2
EX3;EXILES VOL. 3
EX ∞;EXILES ∞
EX:DTN;EXILES: DAYS OF THEN AND NOW
F;FURY
F2;FURY VOL. 2
F.F.;FF
F.F.2;FF VOL. 2
F/AGENT13;FURY/AGENT 13
F/BW:DD;FURY/BLACK WIDOW: DEATH DUTY
F:PM;FURY: PEACEMAKER
FACY&PHX;FURTHER ADVENTURES OF CYCLOPS & PHOENIX
FAL;FALCON
FANGELS;FALLEN ANGELS
FARM;FIREARM
FC;FRANKEN-CASTLE
FCBD09:A;FREE COMIC BOOK DAY 2009: AVENGERS
FCBD09:W;FREE COMIC BOOK DAY 2009: WOLVERINE
FCBD10:IM/T;FREE COMIC BOOK DAY 2010: IRON MAN/THOR
FF;FANTASTIC FOUR
FF2;FANTASTIC FOUR VOL. 2
FF3;FANTASTIC FOUR VOL. 3
FF4;FANTASTIC FOUR VOL. 4
FF5;FANTASTIC FOUR VOL. 5
FF SPEC;FANTASTIC FOUR SPECIAL
FF&PP;FANTASTIC FOUR & POWER PACK
FF/FF;FANTASTIC FOUR/FANTASTIC FOUR
FF/IM:BIJ;FANTASTIC FOUR/IRON MAN: BIG IN JAPAN
FF:AR;FANTASTIC FOUR: ATLANTIS RISING
FF:DEATH;FANTASTIC FOUR: DEATH IN THE FAMILY
FF:FF;FANTASTIC FOUR: FIRST FAMILY
FF:FOES;FANTASTIC FOUR: FOES
FF:HOM;FANTASTIC FOUR: HOUSE OF M
FF:IDLM;FANTASTIC FOUR: ISLA DE LA MUERTE
FF:NGOA;FANTASTIC FOUR: NOBODY GETS OUT ALIVE TPB
FF:SE;FANTASTIC FOUR: SPECIAL EDITION
FF:TS;FANTASTIC FOUR: TRUE STORY
FF2099;FANTASTIC FOUR 2099
FFC-S;FANTASTIC FOUR COSMIC-SIZE
FFFR;FIN FANG FOUR RETURN!
FFIVE;FANTASTIC FIVE
FFIVE2;FANTASTIC FIVE VOL. 2
FFOR;FANTASTIC FORCE
FFOR2;FANTASTIC FORCE VOL. 2
FFROAST;FANTASTIC FOUR ROAST
FFSINBAD;FANTASTIC 4TH VOYAGE OF SINBAD
FFU;FANTASTIC FOUR UNLIMITED
FFUP;FANTASTIC FOUR UNPLUGGED
FFV.X;FANTASTIC FOUR VS. X-MEN
FFWED;FANTASTIC FOUR WEDDING SPECIAL
FFWGCM;FANTASTIC FOUR WORLD'S GREATEST COMIC MAGAZINE
FHEM$M/U;FRED HEMBECK $ELL$ THE MARVEL UNIVERSE
FHEMDM/U;FRED HEMBECK DESTROYS THE MARVEL UNIVERSE
FI;FEAR ITSELF
FI:BSKULL;FEAR ITSELF: BOOK OF THE SKULL
FI:DEEP;FEAR ITSELF: DEEP
FI:DP;FEAR ITSELF: DEADPOOL
FI:FF;FEAR ITSELF: FF
FI:FLSS;FEAR ITSELF: FEARLESS
FI:HF;FEAR ITSELF: HOME FRONT
FI:SM;FEAR ITSELF: SPIDER-MAN
FI:UXFOR;FEAR ITSELF: UNCANNY X-FORCE
FI:W;FEAR ITSELF: WOLVERINE
FI:WORTHY;FEAR ITSELF: WORTHY
FIGHT-MAN;FIGHT-MAN
FIMP;FUTURE IMPERFECT
FIRSTX;FIRST X-MEN
FLANE;FAST LANE
FLOOD;FLOOD RELIEF
FLSSDEF;FEARLESS DEFENDERS
FMAX;FURY MAX
FMON;FRANKENSTEIN MONSTER
FNSM;FRIENDLY NEIGHBORHOOD SPIDER-MAN
FOHS:A;FALL OF THE HULKS: ALPHA
FOHS:G;FALL OF THE HULKS: GAMMA
FOHS:RH;FALL OF THE HULKS: RED HULK
FOHS:SAVSHS;FALL OF THE HULKS: SAVAGE SHE-HULKS
FOOL;FOOLKILLER
FORTUNE;DOMINIC FORTUNE
FOS;FURY OF S.H.I.E.L.D.
FOUR;MARVEL KNIGHTS: 4
FOXFIRE;FOXFIRE
FREEX;FREEX
FSON:A;FALLEN SON: AVENGERS
FSON:CA;FALLEN SON: CAPTAIN AMERICA
FSON:IM;FALLEN SON: IRON MAN
FSON:SM;FALLEN SON: SPIDER-MAN
FSON:W;FALLEN SON: WOLVERINE
FSTAR;FIRESTAR
FSTAR2;FIRESTAR VOL. 2
FW;FORCE WORKS
FX;FACTOR X
GALG;GALACTIC GUARDIANS
GAM;GAMBIT
GAM2;GAMBIT VOL. 2
GAM3;GAMBIT VOL. 3
GAM4;GAMBIT VOL. 4
GAM5;GAMBIT VOL. 5
GAM&BSHP:A;GAMBIT & BISHOP ALPHA
GAM&BSHP:SOA;GAMBIT & BISHOP: SONS OF THE ATOM
GAM&XT;GAMBIT & THE X-TERNALS
GAMCC;GAMBIT CYBER COMIC
GARG;GARGOYLE
GDOGS;GENE DOGS
GENE;GENETIX
GENH;GENERATION HOPE
GENM;GENERATION M
GENNXT;GENERATION NEXT
GENX;GENERATION X
GENX HSPEC;GENERATION X HOLIDAY SPECIAL
GENX/D;GENERATION X/DRACULA
GENX:OV;GENERATION X: OPENING VOLLEY
GENXUND;GENERATION X UNDERGROUND SPECIAL
GEORGIEC;GEORGIE COMICS
GG;GREEN GOBLIN
GIRLC;GIRL COMICS
GIRLC2;GIRL COMICS VOL. 2
GK;GET KRAVEN
GL/SS;GREEN LANTERN/SILVER SURFER
GLA;GREAT LAKES AVENGERS
GLCTS:DEV;GALACTUS: THE DEVOURER
GLX-MAS;GLX-MAS
GODWHEEL;GODWHEEL
GOLDILUX;GOLDILUX (DRAGON'S CLAWS #6)
GOTG;GUARDIANS OF THE GALAXY
GOTG2;GUARDIANS OF THE GALAXY VOL. 2
GOTG3;GUARDIANS OF THE GALAXY VOL. 3
GR;GHOST RIDER
GR2;GHOST RIDER VOL. 2
GR3;GHOST RIDER VOL. 3
GR4;GHOST RIDER VOL. 4
GR5;GHOST RIDER VOL. 5
GR6;GHOST RIDER VOL. 6
GR7;GHOST RIDER VOL. 7
GR/BALLISTIC;GHOST RIDER/BALLISTIC
GR/CA:FEAR;GHOST RIDER/CAPTAIN AMERICA: FEAR
GR/W/P:DD;GHOST RIDER/WOLVERINE/PUNISHER: DARK DESIGN
GR/W/P:HOD;GHOST RIDER/WOLVERINE/PUNISHER: HEARTS OF DARKNESS
GR:DK;GHOST RIDER: DANNY KETCH
GR:TT;GHOST RIDER: TRAIL OF TEARS
GR2099;GHOST RIDER 2099
GRAVITY;GRAVITY
GRS:C;GHOST RIDERS: CROSSROADS
GRS:HOF;GHOST RIDERS: HEAVEN'S ON FIRE
GSA;GIANT-SIZE AVENGERS
GSA2;GIANT-SIZE AVENGERS VOL. 2
GSASTONX;GIANT-SIZE ASTONISHING X-MEN
GSCH;GIANT-SIZE CHILLERS
GSCR;GIANT-SIZE CREATURES
GSD;GIANT-SIZE DRACULA
GSDEF;GIANT-SIZE DEFENDERS
GSFF;GIANT-SIZE FANTASTIC FOUR
GSFREEX;GIANT-SIZE FREEX
GSH2;GIANT-SIZE HULK VOL. 2
GSH3;GIANT-SIZE HULK VOL. 3
GSINV;GIANT-SIZE INVADERS
GSKC;GIANT-SIZE KID COLT
GSM-T;GIANT-SIZE MAN-THING
GSMANTRA;GIANT-SIZE MANTRA
GSMM/SPIDEY;GIANT-SIZE MINI-MARVELS STARRING SPIDEY
GSMOKF;GIANT-SIZE MASTER OF KUNG FU
GSMSM;GIANT-SIZE MS. MARVEL
GSPRO;GIANT-SIZE PROTOTYPE
GSRUNE;GIANT-SIZE RUNE
GSS-H;GIANT-SIZE SUPER-HEROES
GSSM;GIANT-SIZE SPIDER-MAN
GSSS;GIANT-SIZE SUPER-STARS
GSSVTU;GIANT-SIZE SUPER-VILLAIN TEAM-UP
GSSW;GIANT-SIZE SPIDER-WOMAN
GSW;GIANT-SIZE WOLVERINE
GSWBN;GIANT-SIZE WEREWOLF BY NIGHT
GSWRATH;GIANT-SIZE WRATH
GSWSTRK;GIANT-SIZE WARSTRIKE
GSX;GIANT-SIZE X-MEN
GUN;GUNHAWKS
GUNR;GUN RUNNER
GZILL;GODZILLA
H;HULK
H2;HULK VOL. 2
H3;HULK VOL. 3
H&PP;HULK AND POWER PACK
H/TG:HK;HULK/THING: HARD KNOCKS
H/W:6H;HULK/WOLVERINE: SIX HOURS
H:BW;HULK: BROKEN WORLDS
H:FIMP;HULK: FUTURE IMPERFECT
H:GRAY;HULK: GRAY
H:LBB;HULK: LET THE BATTLE BEGIN
H:NM;HULK: NIGHTMERICA
H:RT;HULK: RAGING THUNDER
H:WG;HULK: WINTER GUARD
H-M;HIT-MONKEY
H-M2;HIT-MONKEY VOL. 2
H2099;HULK 2099
HAGE:POP;HEROIC AGE: PRINCE OF POWER
HANGEL;HELL'S ANGEL
HARD;HARDCASE
HARD ASH;HARDCASE ASHCAN
HAWK;HAWKEYE
HAWK2;HAWKEYE VOL. 2
HAWK3;HAWKEYE VOL. 3
HAWK4;HAWKEYE VOL. 4
HAWK&MOCK;HAWKEYE & MOCKINGBIRD
HAWK:BS;HAWKEYE: BLINDSPOT
HAWK:EMM;HAWKEYE: EARTH'S MIGHTIEST MARKSMAN
HC;HULK COMIC (British Comic)
HCAT;HELLCAT
HEDYDVC;HEDY DE VINE COMICS
HEDYOH;HEDY OF HOLLYWOOD
HELL:PL;HELLSTORM: PRINCE OF LIES
HERALDS;HERALDS
HERC;HERC
HF:GG;HULK FAMILY: GREEN GENES
HFH;HEROES FOR HIRE
HFH2;HEROES FOR HIRE VOL. 2
HFH3;HEROES FOR HIRE VOL. 3
HFH/QS;HEROES FOR HIRE/QUICKSILVER
HFHOPE;HEROES FOR HOPE
HFLY;HUMAN FLY
HM-S;HULK MONSTER-SIZE
HMAG;HULK MAGAZINE
HNT;HIGH NOON TEX
HOH2;HAUNT OF HORROR VOL. 2 (MAGAZINE)
HOHEM;HOUSE OF HEM
HOM;HOUSE OF M
HOM:DA;HOUSE OF M: DAY AFTER
HOOD;HOOD
HOUTH;HULKED OUT HEROES
HR;HEROES REBORN
HR:ASHEMA;HEROES REBORN: ASHEMA
HR:DOOM;HEROES REBORN: DOOM
HR:DOOMSDAY;HEROES REBORN: DOOMSDAY
HR:MOE;HEROES REBORN: MASTERS OF EVIL
HR:R;HEROES REBORN: RETURN
HR:REBEL;HEROES REBORN: REBEL
HR:REMNANTS;HEROES REBORN: REMNANTS
HR:YALLIES;HEROES REBORN: YOUNG ALLIES
HRC;HERCULES
HRC2;HERCULES VOL. 2
HRC3;HERCULES VOL. 3
HRC:FA;HERCULES: FALL OF AN AVENGER
HRC:HOC;HERCULES: HEART OF CHAOS
HRC:TOG;HERCULES: TWILIGHT OF A GOD
HSMASH;HULK SMASH
HSMASHA;HULK SMASH AVENGERS
HT2;HUMAN TORCH VOL. 2
HTC;HUMAN TORCH COMICS
HTC70A;HUMAN TORCH COMICS 70TH ANNIVERSARY SPECIAL
HTD;HOWARD THE DUCK
HTD2;HOWARD THE DUCK VOL. 2
HTD3;HOWARD THE DUCK VOL. 3
HTD HSPEC;HOWARD THE DUCK HOLIDAY SPECIAL
HTD MAG;HOWARD THE DUCK (MAGAZINE)
HTU;HULK TEAM-UP
HUNGER;HUNGER
HV.FFF;HULK VS. FIN FANG FOOM
HV.HRC:WTC;HULK VS. HERCULES: WHEN TITANS COLLIDE
HVK&W:M;HAVOK & WOLVERINE: MELTDOWN
HVK&W:M TPB;HAVOK & WOLVERINE: MELTDOWN TRADE PAPERBACK
I♥M/:AI;I ♥ MARVEL: AI
I♥M/:MI;I ♥ MARVEL: MASKED INTENTIONS
I♥M/:MMH;I ♥ MARVEL: MY MUTANT HEART
I♥M/:OL;I ♥ MARVEL: OUTLAW LOVE
I♥M/:WOR;I ♥ MARVEL: WEB OF ROMANCE
IA;INFINITY ABYSS
IAAA;I AM AN AVENGER
IAGE;IRON AGE
IAGE:A;IRON AGE: ALPHA
IAGE:O;IRON AGE: OMEGA
IC;INFINITY CRUSADE
ICE;ICEMAN
ICE2;ICEMAN VOL. 2
IDDISC;IDENTITY DISC
IDEALC;IDEAL COMICS
IDH;INCOMPLETE DEATH'S HEAD
IF;IRON FIST
IF2;IRON FIST VOL. 2
IF3;IRON FIST VOL. 3
IF4;IRON FIST VOL. 4
IF/W;IRON FIST/WOLVERINE
IF:LW;IRON FIST: LIVING WEAPON
IG;INFINITY GAUNTLET
IGUARD;IMPERIAL GUARD
IH;INCREDIBLE HULK
IH2;INCREDIBLE HULK VOL. 2
IH3;INCREDIBLE HULK VOL. 3
IH4;INCREDIBLE HULK VOL. 4
IH/SUB;INCREDIBLE HULK/SUB-MARINER
IH:HRCU;INCREDIBLE HULK: HERCULES UNLEASHED
IHRC;INCREDIBLE HERCULES
IHS;INCREDIBLE HULKS
IHV.V;INCREDIBLE HULK VS. VENOM
IIF;IMMORTAL IRON FIST
IIF:GMOD;IMMORTAL IRON FIST: ORSON RANDALL AND THE GREEN MIST OF DEATH
IIF:DQOC;IMMORTAL IRON FIST: ORSON RANDALL AND THE DEATH QUEEN OF CALIFORNIA
IIM;INVINCIBLE IRON MAN
IM;IRON MAN
IM2;IRON MAN VOL. 2
IM3;IRON MAN VOL. 3
IM4;IRON MAN VOL. 4
IM5;IRON MAN VOL. 5
IM&PP;IRON MAN & POWER PACK
IM&SUB;IRON MAN & SUB-MARINER
IM/CA;IRON MAN/CAPTAIN AMERICA
IM/CA:COW;IRON MAN/CAPTAIN AMERICA: CASUALTIES OF WAR
IM/T;IRON MAN/THOR
IM:BB;IRON MAN: BAD BLOOD
IM:DOS;IRON MAN: DIRECTOR OF S.H.I.E.L.D.
IM:EM;IRON MAN: ENTER THE MANDARIN
IM:HOM;IRON MAN: HOUSE OF M
IM:HYPER;IRON MAN: HYPERVELOCITY
IM:IA;IRON MAN: IRON AGE
IM:INEV;IRON MAN: INEVITABLE
IM:IP;IRON MAN: IRON PROTOCOLS
IM:K&K;IRON MAN: KISS & KILL
IM:LEG;IRON MAN: LEGACY
IM:LOD;IRON MAN: LEGACY OF DOOM
IM:T;IRON MAN: TITANIUM
IM2.0;IRON MAN 2.0
IM2020;IRON MAN 2020
IMNOIR;IRON MAN NOIR
IMPMSUMV;IMPOSSIBLE MAN SUMMER VACATION SPECTACULAR
INDH;INDESTRUCTIBLE HULK
INDIM;INDOMITABLE IRON MAN
INFINITY;INFINITY
INH;INHUMAN
INHS;INHUMANS
INHS2;INHUMANS VOL. 2
INHS3;INHUMANS VOL. 3
INHS4;INHUMANS VOL. 4
INHS:GR;INHUMANS: GREAT REFUGE
INHS:US;INHUMANS: UNTOLD SAGA
INV;INVADERS
INV2;INVADERS VOL. 2
INVN;INVADERS NOW!
IRONMEN;IRON MEN
IRRANT;IRREDEEMABLE ANT-MAN
IW;INFINITY WAR
IWEAP;IMMORTAL WEAPONS
J2;J2
JA;JUNGLE ACTION
JEANIEC;JEANIE COMICS
JIM;JOURNEY INTO MYSTERY
JIUW;JOURNEY INTO UNKNOWN WORLDS
JLA/A;JLA/AVENGERS
JOH;JACK OF HEARTS
JUB;JUBILEE
JUG;JUGGERNAUT
JUG:ED;JUGGERNAUT: EIGHTH DAY
JUST;JUSTICE
JUST2;JUSTICE VOL. 2
KBSS;KENT BLAKE OF THE SECRET SERVICE
KC;KID COLT
KC2;KID COLT VOL. 2
KCO;KID COLT OUTLAW
KI;KICKERS INC.
KIDK;KID KOMICS
KLAWS;KLAWS OF THE PANTHER
KOP;KNIGHTS OF PENDRAGON
KOP2;KNIGHTS OF PENDRAGON VOL. 2
KP:EY;KILLPOWER: EARLY YEARS
KPRY&W;KITTY PRYDE & WOLVERINE
KPRY:S&F;KITTY PRYDE: SHADOW & FLAME
KPRYAOS;KITTY PRYDE, AGENT OF S.H.I.E.L.D.
KSC;KING-SIZE CABLE
KSH;KING-SIZE HULK
KULLC;KULL THE CONQUEROR
KULLC3;KULL THE CONQUEROR VOL. 3
KZ;KA-ZAR
KZ2;KA-ZAR VOL. 2 (LORD OF THE HIDDEN JUNGLE)
KZ3;KA-ZAR VOL. 3
KZ4;KA-ZAR VOL. 4
KZSAV;KA-ZAR THE SAVAGE
KZSL;KA-ZAR OF THE SAVAGE LAND
L;LOGAN
L&TDH;LIFE & TIMES OF DEATH'S HEAD TPB
L:PW;LOGAN: PATH OF THE WARLORD
L:SS;LOGAN: SHADOW SOCIETY
LANA;LANA
LASTDEF;LAST DEFENDERS
LBRKRAL;LAWBREAKERS ALWAYS LOSE!
LCHFH;LUKE CAGE, HERO FOR HIRE
LCNOIR;LUKE CAGE NOIR
LFSM;LETHAL FOES OF SPIDER-MAN
LHS;LAST HERO STANDING
LIGHTNINGC;LIGHTNING COMICS
LIGHTNINGC2;LIGHTNING COMICS VOL. 2
LIGHTNINGC3;LIGHTNING COMICS VOL. 3
LLIZZIE;LITTLE LIZZIE
LOM;LEGION OF MONSTERS (MAGAZINE)
LOM2;LEGION OF MONSTERS VOL. 2
LOM:M-T;LEGION OF MONSTERS: MAN-THING
LOM:MORB;LEGION OF MONSTERS: MORBIUS
LOM:SAT;LEGION OF MONSTERS: SATANA
LOM:WBN;LEGION OF MONSTERS: WEREWOLF BY NIGHT
LON;LEGION OF NIGHT
LONERS;LONERS
LPS;LAST PLANET STANDING
LPUMP;LORD PUMPKIN
LPUMP/NMANTRA;LORD PUMPKIN/NECROMANTRA
LRUN;LOGAN'S RUN
LSHOT;LONGSHOT
LSHOT2;LONGSHOT VOL. 2
LSHOTSM/U;LONGSHOT SAVES THE MARVEL UNIVERSE
LUNATIK;LUNATIK
LW;LIVEWIRES
M;MAGNETO
M3;MAGNETO VOL. 3
M/:LG;MARVEL: LOST GENERATION
M/ADVSM;MARVEL ADVENTURES SPIDER-MAN
M/AGE;MARVEL AGE
M/APES;MARVEL APES
M/APES DIG;MARVEL APES DIGITAL COMIC
M/APES:ASM;MARVEL APES: AMAZING SPIDER-MONKEY
M/APES:ESH;MARVEL APES: EVOLUTION STARTS HERE TPB
M/APES:GL;MARVEL APES: GRUNT LINE
M/APES:SB;MARVEL APES: SPEEDBALL
M/ASS;MARVEL ASSISTANT-SIZED SPECTACULAR
M/C;MARVEL COMICS
M/CE;MARVEL COLLECTOR'S EDITION
M/CHL;MARVEL CHILLERS
M/CP;MARVEL COMICS PRESENTS
M/CP2;MARVEL COMICS PRESENTS VOL. 2
M/DF:A;MARVEL DOUBLE FEATURE: AVENGERS
M/DF:TSTRK;MARVEL DOUBLE FEATURE: THUNDERSTRIKE
M/DIGHOL;MARVEL DIGITAL HOLIDAY SPECIAL
M/DIVAS;MARVEL DIVAS
M/DS;MARVEL DOUBLE SHOT
M/EUR;MARVEL EUROPA TPB
M/FAN;MARVEL FANFARE
M/FAN2;MARVEL FANFARE VOL. 2
M/FEA;MARVEL FEATURE
M/FEA2;MARVEL FEATURE VOL. 2
M/FRONTC SPEC;MARVEL FRONTIER COMICS SPECIAL
M/GN;MARVEL GRAPHIC NOVEL
M/GN:AGENT;MARVEL GRAPHIC NOVEL: RICK MASON, THE AGENT
M/GN:ASMH;MARVEL GRAPHIC NOVEL: AMAZING SPIDER-MAN IN HOOKY
M/GN:ASMPL;MARVEL GRAPHIC NOVEL: AMAZING SPIDER-MAN, PARALLEL LIVES
M/GN:CAD;MARVEL GRAPHIC NOVEL: CLOAK AND DAGGER
M/GN:CAD/PP;MARVEL GRAPHIC NOVEL: CLOAK AND DAGGER AND POWER PACK: SHELTER FROM THE STORM
M/GN:DD;MARVEL GRAPHIC NOVEL: DAREDEVIL
M/GN:DS;MARVEL GRAPHIC NOVEL: DOCTOR STRANGE INTO SHAMBALLA
M/GN:DS&DOOM;MARVEL GRAPHIC NOVEL: DOCTOR STRANGE AND DOCTOR DOOM: TRIUMPH AND TORMENT
M/GN:EDOOM;MARVEL GRAPHIC NOVEL: EMPEROR DOOM
M/GN:HRCPOPFC;MARVEL GRAPHIC NOVEL: HERCULES, PRINCE OF POWER: FULL CIRCLE
M/GN:IH&TG;MARVEL GRAPHIC NOVEL: INCREDIBLE HULK & THING
M/GN:INHS;MARVEL GRAPHIC NOVEL: INHUMANS
M/GN:PAG;MARVEL GRAPHIC NOVEL: PUNISHER, ASSASSIN'S GUILD
M/GN:PINT;MARVEL GRAPHIC NOVEL: PUNISHER: INTRUDER
M/GN:SQS;MARVEL GRAPHIC NOVEL: SQUADRON SUPREME: DEATH OF A UNIVERSE
M/GN:SSJD;MARVEL GRAPHIC NOVEL: SILVER SURFER: JUDGMENT DAY
M/GN:T;MARVEL GRAPHIC NOVEL: THOR
M/GN:W/NF;MARVEL GRAPHIC NOVEL: WOLVERINE/NICK FURY: SCORPIO CONNECTION
M/GN:WPACK;MARVEL GRAPHIC NOVEL: WOLFPACK
M/H&L;MARVEL HEROES & LEGENDS
M/HB;MARVEL HEARTBREAKERS
M/HOL;MARVEL HOLIDAY SPECIAL
M/K;MARVEL KNIGHTS
M/K2;MARVEL KNIGHTS VOL. 2
M/KBP2099;MARVEL KNIGHTS BLACK PANTHER 2099
M/KDD2099;MARVEL KNIGHTS DAREDEVIL 2099
M/KDS;MARVEL KNIGHTS DOUBLE SHOT
M/KINHS2099;MARVEL KNIGHTS INHUMANS 2099
M/KM2099;MARVEL KNIGHTS MUTANT 2099
M/KP2099;MARVEL KNIGHTS PUNISHER 2099
M/KSM;MARVEL KNIGHTS SPIDER-MAN
M/M:DDINO;MARVEL MONSTERS: DEVIL DINOSAUR
M/M:FFF;MARVEL MONSTERS: FIN FANG FOUR
M/M:MOTP;MARVEL MONSTERS: MONSTERS ON THE PROWL
M/M:WMD;MARVEL MONSTERS: WHERE MONSTERS DWELL
M/MANGA;MARVEL MANGAVERSE
M/MANGA:AASS;MARVEL MANGAVERSE: AVENGERS ASSEMBLE
M/MANGA:ET;MARVEL MANGAVERSE: ETERNITY TWILIGHT
M/MANGA:FF;MARVEL MANGAVERSE: FANTASTIC FOUR
M/MANGA:GRS;MARVEL MANGAVERSE: GHOST RIDERS
M/MANGA:ND;MARVEL MANGAVERSE: NEW DAWN
M/MANGA:P;MARVEL MANGAVERSE: PUNISHER
M/MANGA:SM;MARVEL MANGAVERSE: SPIDER-MAN
M/MANGA:X;MARVEL MANGAVERSE: X-MEN
M/MC;MARVEL MYSTERY COMICS
M/MC70A;MARVEL MYSTERY COMICS 70TH ANNIVERSARY SPECIAL
M/NPO;MARVEL NOW! POINT ONE
M/PRM;MARVEL PREMIERE
M/PROJECT;MARVELS PROJECT
M/PRS;MARVEL PRESENTS
M/PRV;MARVEL PREVIEW (MAGAZINE)
M/S&L;MARVEL SHADOWS & LIGHT
M/S-H;MARVEL SUPER-HEROES
M/S-H2;MARVEL SUPER-HEROES VOL. 2
M/S-H3;MARVEL SUPER-HEROES VOL. 3
M/S-HCOC;MARVEL SUPER HERO CONTEST OF CHAMPIONS
M/S-HSECWARS;MARVEL SUPER-HEROES SECRET WARS
M/SA;MARVEL SUPER-ACTION (MAGAZINE)
M/SAGA;MARVEL SAGA
M/SPT;MARVEL SPOTLIGHT
M/SPT2;MARVEL SPOTLIGHT VOL. 2
M/SSPEC;MARVEL SUPER-SPECIAL (MAGAZINE)
M/TA;MARVEL TRIPLE ACTION
M/TALES;MARVEL TALES
M/TALES2;MARVEL TALES VOL. 2
M/TE;MARVEL TREASURY EDITION
M/TIO;MARVEL TWO-IN-ONE
M/TOP;MARVEL TOP 6: WILD ANGELS
M/TU;MARVEL TEAM-UP
M/TU2;MARVEL TEAM-UP VOL. 2
M/TU3;MARVEL TEAM-UP VOL. 3
M/TV:GLCTS;MARVEL TV: GALACTUS
M/U;MARVEL UNIVERSE
M/VAL SPEC;MARVEL VALENTINE SPECIAL
M/VAULT:DEF;MARVEL VAULT: DEFENDERS
M/VAULT:DS;MARVEL VAULT: DOCTOR STRANGE
M/VAULT:GAM&CHMPS;MARVEL VAULT: GAMBIT & THE CHAMPIONS
M/VAULT:IH&HT;MARVEL VAULT: INCREDIBLE HULK & HUMAN TORCH
M/VAULT:TB;MARVEL VAULT: THUNDERBOLTS
M/W:KC&AG;MARVEL WESTERNS: KID COLT AND THE ARIZONA GIRL
M/W:SW;MARVEL WESTERNS: STRANGE WESTERNS
M/W:TGK;MARVEL WESTERNS: TWO-GUN KID
M/W:WL;MARVEL WESTERNS: WESTERN LEGENDS
M/YIR;MARVEL YEAR IN REVIEW
M/Z;MARVEL ZOMBIES
M/Z2;MARVEL ZOMBIES 2
M/Z3;MARVEL ZOMBIES 3
M/Z4;MARVEL ZOMBIES 4
M/Z5;MARVEL ZOMBIES 5
M/Z:DD;MARVEL ZOMBIES: DEAD DAYS
M/Z:EE;MARVEL ZOMBIES: EVIL EVOLUTION
M/ZHWEEN;MARVEL ZOMBIES HALLOWEEN
M/ZR;MARVEL ZOMBIES RETURN
M/ZV.AOD;MARVEL ZOMBIES VS. ARMY OF DARKNESS
M:DS;MAGNETO: DARK SEDUCTION
M:NH;MAGNETO: NOT A HERO
M-T;MAN-THING
M-T2;MAN-THING VOL. 2
M-T3;MAN-THING VOL. 3
MA;MIGHTY AVENGERS
MA2;MIGHTY AVENGERS VOL. 2
MADROX;MADROX
MANTRA;MANTRA
MANTRA2;MANTRA VOL. 2
MANTRA ∞;MANTRA ∞
MANTRA:SOD;MANTRA: SPEAR OF DESTINY
MARGIEC;MARGIE COMICS
MARVELS;MARVELS
MARVELS:EYE;MARVELS: EYE OF THE CAMERA
MARVILLE;MARVILLE
MAV;MAVERICK
MAV2;MAVERICK VOL. 2
MAXSEC;MAXIMUM SECURITY
MAXSEC:DP;MAXIMUM SECURITY: DEADLY PLANET
MB;MARVEL BOY
MB2;MARVEL BOY VOL. 2
MEKANIX;MEKANIX
MENACE;MENACE
MENADV;MEN'S ADVENTURES
MEPHV.;MEPHISTO VS. ...
MERC;MARK HAZZARD: MERC
MG:I;MORTIGAN GOTH: IMMORTALIS
MGK;MAGIK
MGK2;MAGIK VOL. 2
MHDS;MYSTIC HANDS OF DOCTOR STRANGE
MICRO;MICRONAUTS
MICRO2;MICRONAUTS: NEW VOYAGES
MICROCHIP;PUNISHER: ORIGIN OF MICROCHIP
MILLIEM;MILLIE THE MODEL
MIMO:ULTSM;MILES MORALES: ULTIMATE SPIDER-MAN
MISSAC;MISS AMERICA COMICS
MISSAC70A;MISS AMERICA COMICS 70TH ANNIVERSARY SPECIAL
MISSAMAG;MISS AMERICA MAGAZINE
MISSF;MISS FURY
MK;MOON KNIGHT
MK2;MOON KNIGHT VOL. 2 (FIST OF KHONSHU)
MK3;MOON KNIGHT VOL. 3
MK4;MOON KNIGHT VOL. 4 (HIGH STRANGERS)
MK5;MOON KNIGHT VOL. 5
MK6;MOON KNIGHT VOL. 6
MK7;MOON KNIGHT VOL. 7
MK:DWF;MOON KNIGHT: DIVIDED WE FALL
MK:SK;MOON KNIGHT: SILENT KNIGHT
MM;MACHINE MAN
MM2;MACHINE MAN VOL. 2
MM/:SECINV;MINI-MARVELS: SECRET INVASION TPB
MM/BSTN;MACHINE MAN/BASTION
MMACAD;MUTANT MISADVENTURES OF CLOAK AND DAGGER
MMEN;MYSTERY MEN
MMOUTH;MOTORMOUTH
MMOUTH&KP;MOTORMOUTH & KILLPOWER
MODELS;MODELS INC.
MOKF;MASTER OF KUNG FU
MOKF:BB;MASTER OF KUNG FU: BLEEDING BLACK
MONF;MONSTER OF FRANKENSTEIN
MONTHLY BESSATSU SHONEN MAG;MONTHLY MESSATSU SHONEN MAGAZINE
MORB:LV;MORBIUS: LIVING VAMPIRE
MORB:LV2;MORBIUS: LIVING VAMPIRE VOL. 2
MORLOCKS;MORLOCKS
MOTION PICTURES FUNNIES WEEKLY;MOTION PICTURES FUNNIES WEEKLY
MOTP;MONSTERS ON THE PROWL
MR;MAGNETO REX
MSG;MATT SLADE, GUNFIGHTER
MSM;MS. MARVEL
MSM2;MS. MARVEL VOL. 2
MSM3;MS. MARVEL VOL. 3
MSM SPEC;MS. MARVEL SPECIAL
MSM:S;MS. MARVEL: STORYTELLER
MSMK;MARC SPECTOR: MOON KNIGHT
MSMKSE;MARC SPECTOR: MOON KNIGHT SPECIAL EDITION
MSTQ;MYSTIQUE
MSU;MIDNIGHT SUNS UNLIMITED
MT;MIGHTY THOR
MTEEN;MACHINE TEEN
MTW;MYS-TECH WARS
MU;MONSTERS UNLEASHED! (MAGAZINE)
MUTIES;MUTIES
MUTOPIA;MUTOPIA X
MWM/2;MIGHTY WORLD OF MARVEL VOL. 2
MX;MUTANT X
MYSARC:BK;MYSTIC ARCANA: BLACK KNIGHT
MYSARC:M;MYSTIC ARCANA: MAGIK
MYSARC:SCRW;MYSTIC ARCANA: SCARLET WITCH
MYSARC:SGRIMM;MYSTIC ARCANA: SISTER GRIMM
MYSC;MYSTIC COMICS
MYSC70A;MYSTIC COMICS 70TH ANNIVERSARY SPECIAL
N;NAMOR
N:FM;NAMOR: THE FIRST MUTANT
NA;NEW AVENGERS
NA2;NEW AVENGERS VOL. 2
NA3;NEW AVENGERS VOL. 3
NA:FINALE;NEW AVENGERS: FINALE
NA:ILLUM;NEW AVENGERS: ILLUMINATI
NA:ILLUM2;NEW AVENGERS: ILLUMINATI VOL. 2
NA:LC;NEW AVENGERS: LUKE CAGE
NA:MWF;NEW AVENGERS: MOST WANTED FILES
NA:R;NEW AVENGERS: REUNION
NAM;NAM
NAMORA;NAMORA
NAMORA2;NAMORA VOL. 2
NATX;NATION X
NATX:XF;NATION X: X-FACTOR
NBE;NOT BRAND ECHH
NC;NIGHTCRAWLER
NC2;NIGHTCRAWLER VOL. 2
NC3;NIGHTCRAWLER VOL. 3
NC4;NIGHTCRAWLER VOL. 4
NCAT;NIGHTCAT
NDEF;NEW DEFENDERS
NEX;NEW EXILES
NFAOS;NICK FURY, AGENT OF S.H.I.E.L.D.
NFAOS3;NICK FURY, AGENT OF S.H.I.E.L.D. VOL. 3
NFHC;NICK FURY'S HOWLING COMMANDOS
NFV.SHIELD;NICK FURY VS. S.H.I.E.L.D.
NHAWK;NIGHTHAWK
NIGHTW;NIGHTWATCH
NINV;NEW INVADERS
NM;NEW MUTANTS
NM2;NEW MUTANTS VOL. 2
NM3;NEW MUTANTS VOL. 3
NM:TD;NEW MUTANTS: TRUTH OR DEATH
NMAN;NIGHT MAN
NMAN2;NIGHT MAN VOL. 2
NMAN ∞;NIGHT MAN ∞
NMAN/GAM;NIGHT MAN/GAMBIT
NMANGA;NEW MANGAVERSE
NMANV.W;NIGHT MAN VS. WOLVERINE
NMARE;NIGHTMARE
NMASK;NIGHTMASK
NMSE;NEW MUTANTS SPECIAL EDITION
NMSUM;NEW MUTANTS SUMMER SPECIAL
NN;NIGHT NURSE
NO;NOVA
NO2;NOVA VOL. 2
NO3;NOVA VOL. 3 (HUMAN ROCKET)
NO4;NOVA VOL. 4
NO5;NOVA VOL. 5
NOM;NOMAD
NOM2;NOMAD VOL. 2
NOM:GIRL;NOMAD: GIRL WITHOUT A WORLD
NORTH;NORTHSTAR
NRAVEN:HOC;NIGHT RAVEN: HOUSE OF CARDS
NS;NIGHTSTALKERS
NSUB;NAMOR, THE SUB-MARINER
NT;NIGHT THRASHER
NT2;NIGHT THRASHER VOL. 2
NTB;NEW THUNDERBOLTS
NW;NEW WARRIORS
NW2;NEW WARRIORS VOL. 2
NW3;NEW WARRIORS VOL. 3
NW4;NEW WARRIORS VOL. 4
NW5;NEW WARRIORS VOL. 5
NX;NEW X-MEN
NX2;NEW X-MEN VOL. 2
NX:ACADXYB;NEW X-MEN: ACADEMY X YEARBOOK
NX:HELL;NEW X-MEN: HELLIONS
NXCAL;NEW EXCALIBUR
NXTW:AOH;NEXT WAVE: AGENTS OF HATE
NYX;NYX
NYX:NWH;NYX: NO WAY HOME
OEDGE;OVER THE EDGE
OF;OMEGA FLIGHT
OGR;ORIGINAL GHOST RIDER
OK;OUTLAW KID
OK2;OUTLAW KID VOL. 2
OMTL;ONE MONTH TO LIVE
ONS:E;ONSLAUGHT: EPILOG
ONS:M/U;ONSLAUGHT: MARVEL UNIVERSE
ONS:R;ONSLAUGHT: REBORN
ONS:X;ONSLAUGHT: X-MEN
ORDER;ORDER
ORDER2;ORDER VOL. 2
ORGN;ORIGIN
ORGNII;ORIGIN II
ORORO;ORORO: BEFORE THE STORM
OSBORN;OSBORN
OU;OMEGA THE UNKNOWN
P;PUNISHER
P2;PUNISHER VOL. 2
P3;PUNISHER VOL. 3
P4;PUNISHER VOL. 4
P5;PUNISHER VOL. 5
P6;PUNISHER VOL. 6
P7;PUNISHER VOL. 7 (MAX imprint)
P8;PUNISHER VOL. 8
P9;PUNISHER VOL. 9
P10;PUNISHER VOL. 10
P/BW:SDW;PUNISHER/BLACK WIDOW: SPINNING DOOMSDAY'S WEB
P/CA:B&G;PUNISHER/CAPTAIN AMERICA: BLOOD & GLORY
P:B;PUNISHER BLOODLINES
P:BARRACUDA;PUNISHER PRESENTS: BARRACUDA
P:BUTTERFLY;PUNISHER: BUTTERFLY
P:BV;PUNISHER: BLOODY VALENTINE
P:CELL;PUNISHER: THE CELL
P:DHBE;PUNISHER: DIE HARD IN THE BIG EASY
P:EQ;PUNISHER: EMPTY QUARTER
P:FC;PUNISHER: FRANK CASTLE (MAX imprint)
P:FON;PUNISHER: FORCE OF NATURE
P:GC;PUNISHER: GET CASTLE
P:GF;PUNISHER: G FORCE
P:GI;PUNISHER: GHOSTS OF INNOCENTS
P:HE;PUNISHER: HAPPY ENDING
P:HROD;PUNISHER: HOT RODS OF DEATH
P:ITB;PUNISHER: IN THE BLOOD
P:KG;PUNISHER: KINGDOM GONE
P:LBB;PUNISHER: LITTLE BLACK BOOK
P:MOORS;PUNISHER: BLOOD ON THE MOORS
P:NAKED;PUNISHER: NAKED KILL
P:NE;PUNISHER: NO ESCAPE
P:NM;PUNISHER: NIGHTMARE
P:P;PUNISHER: PRIZE
P:POV;PUNISHER: P.O.V.
P:RX;PUNISHER: RED X-MAS
P:SN;PUNISHER: SILENT NIGHT
P:TUW;PUNISHER: TINY UGLY WORLD
P:TYGER;PUNISHER: THE TYGER
P:XMAS;PUNISHER: XMAS
P:XMAS SPEC;PUNISHER: XMAS SPECIAL
P:YO;PUNISHER: YEAR ONE
P2099;PUNISHER 2099
PARKER;PETER PARKER
PARX;PARADISE X
PARX A;PARADISE X A
PARX X;PARADISE X X
PARX:H;PARADISE X: HERALDS
PARX:R;PARADISE X: RAGNAROK
PATSYW:HCAT;PATSY WALKER: HELLCAT
PBSS;PUNISHER BACK TO SCHOOL SPECIAL
PDPCORPS;PRELUDE TO DEADPOOL CORPS
PEN:REL;PENANCE: RELENTLESS
PF;PSI-FORCE
PHOL;PUNISHER HOLIDAY SPECIAL
PHX;PHOENIX (UNTOLD STORY)
PHXR;PHOENIX RESURRECTION
PHXR:A;PHOENIX RESURRECTION: AFTERMATH
PHXR:G;PHOENIX RESURRECTION: GENESIS
PHXR:R;PHOENIX RESURRECTION: REVELATIONS
PITT;PITT
PLASMER;PLASMER
PM;LUKE CAGE, POWER-MAN
PM&IF;POWER-MAN & IRON FIST
PM&IF2;POWER-MAN & IRON FIST VOL. 2
PMAX;PUNISHERMAX
PNAM;PUNISHER INVADES THE 'NAM
PNOIR;PUNISHER NOIR
PNSUB;PRINCE NAMOR, THE SUB-MARINER
PO;POINT ONE
POPRIME;POWER OF PRIME
PP;POWER PACK
PP HSPEC;POWER PACK HOLIDAY SPECIAL
PP:PP;POWER PACK: PEER PRESSURE
PPSM;PETER PARKER, SPIDER-MAN
PPSM/EL;PETER PARKER, SPIDER-MAN/ELEKTRA
PPSSM;PETER PARKER, THE SPECTACULAR SPIDER-MAN
PRIME;PRIME
PRIME2;PRIME VOL. 2
PRIME ∞;PRIME ∞
PRIME/CA;PRIME/CAPTAIN AMERICA
PRIMEV.IH;PRIME VS. INCREDIBLE HULK
PRO;PROTOTYPE
PROWL;PROWLER
PRY&WSDM;PRYDE & WISDOM
PS:PROLOGUE;PLANET SKAAR: PROLOGUE
PSS;PUNISHER SUMMER SPECIAL
PSYLOCKE;PSYLOCKE
PULSE;PULSE
PULSE:HOM;PULSE: HOUSE OF M
PV.BULL;PUNISHER VS. BULLSEYE
PWJ;PUNISHER WAR JOURNAL
PWJ2;PUNISHER WAR JOURNAL VOL. 2
PWZ;PUNISHER WAR ZONE
PWZ2;PUNISHER WAR ZONE VOL. 2
PWZ3;PUNISHER WAR ZONE VOL. 3
Q;QUASAR
QP;QUESTPROBE
QS;QUICKSILVER
RAMH;RAMPAGING HULK
RAMH2;RAMPAGING HULK VOL. 2
RAMW;RAMPAGING WOLVERINE
RAV2099;RAVAGE 2099
RESCUE;RESCUE
RG;ROGUE
RG3;ROGUE VOL. 3
RIPFIRE;RIPFIRE
RK;RAWHIDE KID
RK2;RAWHIDE KID VOL. 2
RK3;RAWHIDE KID VOL. 3
RK4;RAWHIDE KID VOL. 4
ROA;RISE OF APOCALYPSE
ROK;REALM OF KINGS
ROK:IGUARD;REALM OF KINGS: IMPERIAL GUARD
ROK:INHS;REALM OF KINGS: INHUMANS
ROK:SOH;REALM OF KINGS:SON OF HULK
ROM;ROM, SPACEKNIGHT
RR;ROCKET RACCOON
RR2;ROCKET RACCOON VOL. 2
RRAVENC;RED RAVEN COMICS
RSH;RED SHE-HULK
RSKULLI;RED SKULL INCARNATE
RUN;RUNAWAYS
RUN2;RUNAWAYS VOL. 2
RUN3;RUNAWAYS VOL. 3
RUNE;RUNE
RUNE2;RUNE VOL. 2
RUNE ∞;RUNE ∞
RUNE/SS;RUNE/SILVER SURFER
RUNE:HOD;RUNE: HEARTS OF DARKNESS
RUNEV.V;RUNE VS. VENOM
RUNSAGA;RUNAWAYS SAGA
RW;RED WOLF
S&L;SHADOWS & LIGHT
SABRE;SABRETOOTH
SABRE2;SABRETOOTH VOL. 2
SABRE&MSTQ;SABRETOOTH & MYSTIQUE
SABRE:BN;SABRETOOTH: BACK TO NATURE
SABRE:MSO;SABRETOOTH: MARY SHELLEY OVERDRIVE
SABRE:RZ;SABRETOOTH: IN THE RED ZONE
SAGAHT;SAGA OF THE ORIGINAL HUMAN TORCH
SAGASUB;SAGA OF THE SUB-MARINER
SAVH;SAVAGE HULK
SAVH2;SAVAGE HULK VOL. 2
SAVSCO;SAVAGE SWORD OF CONAN
SAVSH;SAVAGE SHE-HULK
SAVT;SAVAGE TALES
SAVT2;SAVAGE TALES VOL. 2
SB;SPEEDBALL
SBKR:BRB;STORMBREAKER: SAGA OF BETA RAY BILL
SBL&FORTUNE;SABLE & FORTUNE
SBRAND;STAR BRAND
SCHI:MOKF;SHANG-CHI: MASTER OF KUNG FU
SCHI:MOKF2;SHANG-CHI: MASTER OF KUNG FU VOL. 2
SCRS;SCARLET SPIDER
SCRS2;SCARLET SPIDER VOL. 2
SCRSS;SCARLET SPIDERS
SCRSU;SCARLET SPIDER UNLIMITED
SCRW;SCARLET WITCH
SD;STOKER'S DRACULA
SECA;SECRET AVENGERS
SECA2;SECRET AVENGERS VOL. 2
SECA3;SECRET AVENGERS VOL. 3
SECCOM:P;X-MEN SECOND COMING: PREPARE
SECDEF;SECRET DEFENDERS
SECHOM;SECRETS OF HOUSE OF M
SECINV;SECRET INVASION
SECINV:ASM;SECRET INVASION: AMAZING SPIDER-MAN
SECINV:DC;SECRET INVASION: DIRECTORS CUT
SECINV:DR;SECRET INVASION: DARK REIGN
SECINV:FF;SECRET INVASION: FANTASTIC FOUR
SECINV:FL;SECRET INVASION: FRONT LINE
SECINV:HI;SECRET INVASION: HOME INVASION
SECINV:INHS;SECRET INVASION: INHUMANS
SECINV:REQ;SECRET INVASION: REQUIEM
SECINV:RUN/YA;SECRET INVASION: RUNAWAYS/YOUNG AVENGERS
SECINV:T;SECRET INVASION: THOR
SECINV:WHO?;SECRET INVASION: WHO DO YOU TRUST?
SECINV:WOK;SECRET INVASION: WAR OF KINGS
SECINV:X;SECRET INVASION: X-MEN
SECINVA:BRB;SECRET INVASION AFTERMATH: BETA RAY BILL
SECINVSAGA;SECRET INVASION SAGA
SECWAR;SECRET WAR
SECWAR:FNF;SECRET WAR: FROM THE FILES OF NICK FURY
SECWARR;SECRET WARRIORS
SECWARSII;SECRET WARS II
SENSH;SENSATIONAL SHE-HULK
SENSM;SENSATIONAL SPIDER-MAN
SENSM2;SENSATIONAL SPIDER-MAN VOL. 2
SENTINEL;SENTINEL
SENTINEL2;SENTINEL VOL. 2
SENTRY;SENTRY
SENTRY2;SENTRY VOL. 2
SENTRY/FF;SENTRY/FANTASTIC FOUR
SENTRY/H;SENTRY/HULK
SENTRY/SM;SENTRY/SPIDER-MAN
SENTRY/VOID;SENTRY/VOID
SENTRY/X;SENTRY/X-MEN
SENTRY:FS;SENTRY: FALLEN SUN
SEX;SPECIAL EDITION: X-MEN
SFIRE&TRBL;SPITFIRE & THE TROUBLESHOOTERS
SG;SPIDER-GIRL
SG2;SPIDER-GIRL VOL. 2
SG:END;SPIDER-GIRL: END
SGTF;SGT. FURY & HIS HOWLIN' COMMANDOS
SGTF2;SGT. FURY & HIS HOWLIN' COMMANDOS VOL. 2
SH;SHE-HULK
SH2;SHE-HULK VOL. 2
SH:C;SHE-HULK: CEREMONY
SH:CC;SHE-HULK: COSMIC COLLISION
SHDWL;SHADOWLAND
SHDWL:BOS;SHADOWLAND: BLOOD ON THE STREETS
SHDWL:GR;SHADOWLAND: GHOST RIDER
SHDWL:MK;SHADOWLAND: MOON KNIGHT
SHDWL:PM;SHADOWLAND: POWER MAN
SHDWL:SM;SHADOWLAND: SPIDER-MAN
SHDWM;SHADOWMASTERS
SHDWR;SHADOW RIDERS
SHIELD;S.H.I.E.L.D.
SHIELD2;S.H.I.E.L.D. VOL. 2
SHIELD ∞;S.H.I.E.L.D. ∞
SHOWAR;SHOGUN WARRIORS
SHROUD;SHROUD
SHS;SHE-HULKS
SHSEN;SHE-HULK SENSATIONAL
SI:A;SPIDER-ISLAND: AVENGERS
SI:CAD;SPIDER-ISLAND: CLOAK AND DAGGER
SI:DF;SPIDER-ISLAND: DEADLY FOES
SI:DHKF;SPIDER-ISLAND: DEADLY HANDS OF KUNG FU
SI:HFH;SPIDER-ISLAND: HEROES FOR HIRE
SI:I♥NYC;SPIDER-ISLAND: I LOVE NEW YORK CITY
SIEGE;SIEGE
SIEGE:CA;SIEGE: CAPTAIN AMERICA
SIEGE:CABAL;SIEGE: CABAL
SIEGE:EMB;SIEGE: EMBEDDED
SIEGE:LOKI;SIEGE: LOKI
SIEGE:SECWARR;SIEGE: SECRET WARRIORS
SIEGE:SM;SIEGE: SPIDER-MAN
SIEGE:YA;SIEGE: YOUNG AVENGERS
SIF;SIF
SILWAR;SILENT WAR
SIREN;SIREN
SIREN ∞;SIREN ∞
SIREN SPEC;SIREN SPECIAL
SIXGUNS;SIX GUNS
SJAM;STARJAMMERS
SJAM2;STARJAMMERS VOL. 2
SJNS;SUBURBAN JERSEY NINJA SHE-DEVILS
SK;SPACEKNIGHTS
SKAAR:KSL;SKAAR: KING OF THE SAVAGE LAND
SKAAR:SOH;SKAAR: SON OF HULK
SKAAR:SWS;SKAAR SON OF HULK: SAVAGE WORLD OF SAKAAR
SKK;SKRULL KILL KREW
SKK2;SKRULL KILL KREW VOL. 2
SKLSLR;SKULL THE SLAYER
SKRULLS;SKRULLS!
SKRULLSV.PP;SKRULLS VS. POWER PACK
SL;SLINGERS
SL:DUSK;SLINGERS: DUSK
SL:HRNT;SLINGERS: HORNET
SL:PROD;SLINGERS: PRODIGY
SL:RICO;SLINGERS: RICOCHET
SLAP;SLAPSTICK
SLEEP;SLEEPWALKER
SLEEP HSPEC;SLEEPWALKER HOLIDAY SPECIAL
SLORD;STAR-LORD
SLORD:SE;STAR-LORD: SPECIAL EDITION
SLUDGE;SLUDGE
SLUDGE:RX;SLUDGE: RED X-MAS
SM;SPIDER-MAN
SM HSPEC;SPIDER-MAN HOLIDAY SPECIAL
SM SSPEC;SPIDER-MAN SUPER SPECIAL
SM&ARANA:HR;SPIDER-MAN & ARANA: HUNTER REVEALED
SM&FF;SPIDER-MAN & FANTASTIC FOUR
SM&FF2;SPIDER-MAN & FANTASTIC FOUR VOL. 2
SM&HT:BDLM;SPIDER-MAN & HUMAN TORCH: BAHIA DE LOS MUERTOS
SM&JL;SPIDER-MAN & JAY LENO
SM&PP;SPIDER-MAN & POWER PACK
SM&W;SPIDER-MAN & WOLVERINE
SM/BCAT:EVIL;SPIDER-MAN/BLACK CAT: EVIL THAT MEN DO
SM/DD;SPIDER-MAN/DAREDEVIL
SM/DO:NE;SPIDER-MAN/DOCTOR OCTOPUS: NEGATIVE EXPOSURE
SM/DO:OOR;SPIDER-MAN/DOCTOR OCTOPUS: OUT OF REACH
SM/DS:WDD;SPIDER-MAN/DOCTOR STRANGE: WAY TO DUSTY DEATH
SM/HT;SPIDER-MAN/HUMAN TORCH
SM/K:TD;SPIDER-MAN/KINGPIN: TO THE DEATH
SM/MARROW;SPIDER-MAN/MARROW
SM/P/SABRE:DG;SPIDER-MAN/PUNISHER/SABRETOOTH: DESIGNER GENES
SM/P:FP;SPIDER-MAN/PUNISHER: FAMILY PLOT
SM/RS;SPIDER-MAN/RED SONJA
SM/STORM/PM;SPIDER-MAN, STORM & POWER-MAN
SM/XF:SG;SPIDER-MAN/X-FACTOR: SHADOW GAMES
SM:AP;SPIDER-MAN: ARACHNIS PROJECT
SM:BBRAO;SPIDER-MAN: BLACK & BLUE & READ ALL OVER
SM:BLUE;SPIDER-MAN: BLUE
SM:BREAK;SPIDER-MAN: BREAKOUT
SM:BT;SPIDER-MAN: BIG TIME (digital)
SM:CJ;SPIDER-MAN: CLONE JOURNAL
SM:D&D;SPIDER-MAN: DEATH & DESTINY
SM:DMH;SPIDER-MAN: DEAD MAN'S HAND
SM:FA;SPIDER-MAN: FINAL ADVENTURE
SM:FEVER;SPIDER-MAN: FEVER
SM:FI;SPIDER-MAN: FEAR ITSELF
SM:FO;SPIDER-MAN: FUNERAL FOR AN OCTOPUS
SM:HOBGL;SPIDER-MAN: HOBGOBLIN LIVES
SM:HOM;SPIDER-MAN: HOUSE OF M
SM:INDIA;SPIDER-MAN: INDIA
SM:JF;SPIDER-MAN: JACKAL FILES
SM:L;SPIDER-MAN: LIFELINE
SM:LOE;SPIDER-MAN: LEGACY OF EVIL
SM:LSC;SPIDER-MAN: LEGEND OF THE SPIDER-CLAN
SM:LY;SPIDER-MAN: LOST YEARS
SM:MA;SPIDER-MAN: MUTANT AGENDA
SM:MANGA;SPIDER-MAN: THE MANGA
SM:MAXCA;SPIDER-MAN: MAXIMUM CLONAGE ALPHA
SM:MAXCO;SPIDER-MAN: MAXIMUM CLONAGE OMEGA
SM:MM;SPIDER-MAN: MYSTERIO MANIFESTO
SM:OSBORNJ;SPIDER-MAN: OSBORN JOURNAL
SM:PT;SPIDER-MAN: POWER OF TERROR
SM:PY;SPIDER-MAN: PARKER YEARS
SM:QL;SPIDER-MAN: QUALITY OF LIFE
SM:R;SPIDER-MAN: REDEMPTION
SM:REIGN;SPIDER-MAN: REIGN
SM:REVELATIONS;SPIDER-MAN: REVELATIONS TPB
SM:RGG;SPIDER-MAN: REVENGE OF THE GREEN GOBLIN
SM:SC;SPIDER-MAN: SWEET CHARITY
SM:VA;SPIDER-MAN: VENOM AGENDA
SM:WD;SPIDER-MAN: WEB OF DOOM
SM:WGP;SPIDER-MAN: WITH GREAT POWER
SM2099;SPIDER-MAN 2099
SM2099 SPEC;SPIDER-MAN 2099 SPECIAL
SM2099SM;SPIDER-MAN 2099 MEETS SPIDER-MAN
SM2099V2;SPIDER-MAN 2099 VOL. 2
SMASH;SMASH!
SMEN;SPIDER-MEN
SMF;SPIDER-MAN FAMILY
SMF2;SPIDER-MAN FAMILY VOL. 2
SMF:AF;SPIDER-MAN FAMILY: AMAZING FRIENDS
SMFFSC;SPIDER-MAN FAMILY FEATURING SPIDER-CLAN
SMMM;SPIDER-MAN MADE MEN
SMNOIR;SPIDER-MAN NOIR
SMNOIR:EYES;SPIDER-MAN NOIR: EYES WITHOUT A FACE
SMSE:TV;SPIDER-MAN SPECIAL EDITION: TRIAL OF VENOM
SMTGLW;SPIDER-MAN'S TANGLED WEB
SMTU;SPIDER-MAN TEAM-UP
SMU;SPIDER-MAN UNLIMITED
SMU3;SPIDER-MAN UNLIMITED VOL. 3
SMV.W;SPIDER-MAN VS. WOLVERINE
SOH;SON OF HULK
SOLITAIRE;SOLITAIRE
SOLO;SOLO
SOLOA;SOLO AVENGERS
SOLUTION;SOLUTION
SOLX;SOLDIER X
SOM;SON OF M
SOS;SON OF SATAN
SOV;GHOST RIDER/BLAZE: SPIRITS OF VENGEANCE
SOVSSOLS;SOVIET SUPER SOLDIERS
SP;SUPREME POWER
SP2;SUPREME POWER VOL. 2
SP:HYP;SUPREME POWER:HYPERION
SP:NHAWK;SUPREME POWER:NIGHTHAWK
SPECM/E;SPECIAL MARVEL EDITION
SPELL;SPELLBOUND
SPELLB;SPELLBINDERS
SPIDEY;SPIDEY
SPIDEY&MM/;SPIDEY & THE MINI-MARVELS
SQS;SQUADRON SUPREME
SQS2;SQUADRON SUPREME VOL. 2
SQS3;SQUADRON SUPREME VOL. 3
SQS:HYPV.NHAWK;SQUADRON SUPREME: HYPERION VS. NIGHTHAWK
SQS:NWO;SQUADRON SUPREME: NEW WORLD ORDER
SR:SSOL;STEVE ROGERS: SUPER SOLDIER
SS;SILVER SURFER
SS2;SILVER SURFER VOL. 2
SS3;SILVER SURFER VOL. 3
SS4;SILVER SURFER VOL. 4
SS5;SILVER SURFER VOL. 5
SS6;SILVER SURFER VOL. 6
SS/RUNE;SILVER SURFER/RUNE
SS/SUPERMAN;SILVER SURFER/SUPERMAN
SS/T;SILVER SURFER/THOR
SS/WEAPON0;SILVER SURFER/WEAPON 0
SS/WITCHBLADE;SILVER SURFER/WITCHBLADE
SS/WLOCK:R;SILVER SURFER/WARLOCK: RESURRECTION
SS: HOMECOMING;SILVER SURFER: HOMECOMING
SS:DA;SILVER SURFER: DANGEROUS ARTIFACTS
SS:ITN;SILVER SURFER: IN THY NAME
SS:P;SILVER SURFER: PARABLE
SSBL&WP;SILVER SABLE & THE WILD PACK
SSCRS;SPECTACULAR SCARLET SPIDER
SSD;SHANNA THE SHE-DEVIL
SSG;SPECTACULAR SPIDER-GIRL
SSGN;SILVER SURFER GRAPHIC NOVEL
SSM;SPECTACULAR SPIDER-MAN
SSM2;SPECTACULAR SPIDER-MAN VOL. 2
SSM SSPEC;SPECTACULAR SPIDER-MAN SUPER SPECIAL
SSMMAG;SPECTACULAR SPIDER-MAN MAGAZINE
SSOLS;SUPERSOLDIERS
SSONE;SENTINEL SQUAD O*N*E
ST;STRANGE TALES
ST2;STRANGE TALES VOL. 2
ST3;STRANGE TALES VOL. 3
ST4;STRANGE TALES VOL. 4
ST:DC;STRANGE TALES: DARK CORNERS
STAN/DS;STAN LEE MEETS DOCTOR STRANGE
STAN/SM;STAN LEE MEETS SPIDER-MAN
STARBLAST;STARBLAST
STARLORD;STARLORD
STARMAS;STAR MASTERS
STORM;STORM
STORM2;STORM VOL. 2
STORM3;STORM VOL. 3
STRANGE2;STRANGE VOL. 2
STRANGERS;STRANGERS
STRONG;STRONG GUY REBORN
STRYFE;STRYFE'S STRIKE FILE
SUB;SUB-MARINER
SUB2;SUB-MARINER VOL. 2
SUBC;SUB-MARINER COMICS
SUBC70A;SUB-MARINER COMICS 70TH ANNIVERSARY SPECIAL
SUNF&BH6;SUNFIRE & BIG HERO 6
SUPER MYSTERY3;SUPER MYSTERY VOL. 3
SUPER MYSTERY4;SUPER MYSTERY VOL. 4
SUPERMAN/FF;SUPERMAN/FANTASTIC FOUR
SUPSM&CB;SUPER SPIDER-MAN & CAPTAIN BRITAIN (British Comic)
SUPTHR;SUPERNATURAL THRILLERS
SURVIVE;SURVIVE!
SUSM;SUPERIOR SPIDER-MAN
SVC;SUPER-VILLAIN CLASSICS
SVERSE;SPIDER-VERSE
SVERSETU;SPIDER-VERSE TEAM-UP
SVTU;SUPER-VILLAIN TEAM-UP
SVTU:M;SUPER-VILLAIN TEAM-UP: MODOK'S 11
SW;SPIDER-WOMAN
SW2;SPIDER-WOMAN VOL. 2
SW3;SPIDER-WOMAN VOL. 3
SW4;SPIDER-WOMAN VOL. 4
SW5;SPIDER-WOMAN VOL. 5
SWORD;SWORD
T;THOR
T2;THOR VOL. 2
T3;THOR VOL. 3
T4;THOR VOL. 4
T:AGES;THOR: AGES OF THUNDER
T:BO;THOR: BLOOD OATH
T:FINALE;THOR: FINALE
T:G;THOR: GODSTORM
T:GOT;THOR: GOD OF THUNDER
T:LEGEND;THOR: LEGEND
T:MAN;THOR: MAN OF WAR
T:RAGE;THOR: RAGE OF THOR
T:REIGN;THOR: REIGN OF BLOOD
T:SOA;THOR: SON OF ASGARD
T:TOH;THOR: TRUTH OF HISTORY
T:TRIAL;THOR: TRIAL OF THOR
T:V;THOR: VIKINGS
T:WOLVES;THOR: WOLVES OF THE NORTH
T-GK;TWO-GUN KID
T-GK:SR;TWO-GUN KID: SUNSET RIDERS
T-GW;TWO-GUN WESTERN
TA;TEAM AMERICA
TACO:A;TACO BELL: AVENGERS
TACO:CA;TACO BELL: CAPTAIN AMERICA
TACO:FF;TACO BELL: FANTASTIC FOUR
TACO:T;TACO BELL: THOR
TASK;TASKMASTER
TASK2;TASKMASTER VOL. 2
TB;THUNDERBOLTS
TB2;THUNDERBOLTS VOL. 2
TB:BP;THUNDERBOLTS: BREAKING POINT
TB:DM;THUNDERBOLTS: DESPERATE MEASURES
TB:II;THUNDERBOLTS: INTERNATIONAL INCIDENT
TB:LS;THUNDERBOLTS: LIFE SENTENCES
TB:RM;THUNDERBOLTS: REASON IN MADNESS
TBP:ZBB;THUNDERBOLTS PRESENTS: ZEMO - BORN BETTER
TCMPLTM;TRUE COMPLETE MYSTERY
TCORPS;THOR CORPS
TER;TERROR, INC.
TG;THING
TG2;THING VOL. 2
TG&SH:LN;THING & SHE-HULK: LONG NIGHT
TG:FREAK;THING: FREAKSHOW
TG-S;THOR GOD-SIZE
TGLW;TANGLED WEB
THANOS;THANOS
THANOSQ;THANOS QUEST
THANOSR;THANOS RISING
TIGRA;TIGRA
TIME:2099;TIMESTORM: 2009-2099
TIME:2099SM;TIMESTORM: 2009-2099 SPIDER-MAN
TIME:2099X;TIMESTORM: 2009-2099 X-MEN
TM/:BB;TALES OF THE MARVELS: BLOCKBUSTER
TM/:ID;TALES OF THE MARVELS: INNER DEMONS
TM/:WY;TALES OF THE MARVELS: WONDER YEARS
TM/U;TALES OF THE MARVEL UNIVERSE
TOD;TOMB OF DRACULA
TOD2;TOMB OF DRACULA VOL. 2 (MAGAZINE)
TOD3;TOMB OF DRACULA VOL. 3
TOD4;TOMB OF DRACULA VOL. 4
TORCH;TORCH
TOS;TALES OF SUSPENSE
TOS2;TALES OF SUSPENSE VOL. 2
TOT;TOMB OF TERROR
TOTZ;TALES OF THE ZOMBIE (MAGAZINE)
TOWER;TOWER OF SHADOWS
TOXIN;TOXIN
TREK/X;STAR TREK/X-MEN
TREK/X:SC;STAR TREK/X-MEN: SECOND CONTACT
TRUEB;TRUE BELIEVERS
TRUK;TRANSFORMERS UK
TRUTH;TRUTH: RED WHITE & BLACK
TSLIP;TIMESLIP: COMING OF THE AVENGERS
TSTRK;THUNDERSTRIKE
TSTRK2;THUNDERSTRIKE VOL. 2
TTA;TALES TO ASTONISH
TTA2;TALES TO ASTONISH VOL. 2
TTA3;TALES TO ASTONISH VOL. 3
TWELVE;TWELVE
TWELVE:SH;TWELVE: SPEARHEAD
TX2K;TEAM X 2000
TYPHOID;TYPHOID
TZ;TARZAN
UA;UNCANNY AVENGERS
UA2;UNCANNY AVENGERS VOL. 2
UA 8AU;UNCANNY AVENGERS 8AU
UACC;UNLIMITED ACCESS
UG;ULTRA GIRL
UJ;UNION JACK
UJ2;UNION JACK VOL. 2
ULCM;UNTOLD LEGEND OF CAPTAIN MARVEL
ULTA;ULTIMATE AVENGERS
ULTA2;ULTIMATE AVENGERS 2
ULTA3;ULTIMATE AVENGERS 3
ULTADV;ULTIMATE ADVENTURES
ULTARMOR;ULTIMATE ARMOR WARS
ULTAV.NULTS;ULTIMATE AVENGERS VS. NEW ULTIMATES
ULTCA;ULTIMATE CAPTAIN AMERICA
ULTCHAWK;ULTIMATE COMICS HAWKEYE
ULTCIM;ULTIMATE COMICS IRON MAN
ULTCSM;ULTIMATE COMICS SPIDER-MAN
ULTCULTS;ULTIMATE COMICS ULTIMATES
ULTCW;ULTIMATE COMICS WOLVERINE
ULTCXM;ULTIMATE COMICS X-MEN
ULTDD&EL;ULTIMATE DAREDEVIL & ELEKTRA
ULTDOOM;ULTIMATE DOOM
ULTEL;ULTIMATE ELEKTRA
ULTENEMY;ULTIMATE ENEMY
ULTEXT;ULTIMATE EXTINCTION
ULTF.F.;ULTIMATE FF
ULTFALL;ULTIMATE FALLOUT
ULTFF;ULTIMATE FANTASTIC FOUR
ULTFF/XM;ULTIMATE FANTASTIC FOUR/X-MEN
ULTH;ULTIMATE HULK
ULTHUMAN;ULTIMATE HUMAN
ULTIMATUM;ULTIMATUM
ULTIMATUM:FFR;ULTIMATUM: FANTASTIC FOUR REQUIEM
ULTIMATUM:SMR;ULTIMATUM: SPIDER-MAN REQUIEM
ULTIMATUM:XMR;ULTIMATUM: X-MEN REQUIEM
ULTM/TU;ULTIMATE MARVEL TEAM-UP
ULTMYST;ULTIMATE MYSTERY
ULTNM;ULTIMATE NIGHTMARE
ULTNULTS;ULTIMATE NEW ULTIMATES
ULTO;ULTIMATE ORIGINS
ULTP;ULTIMATE POWER
ULTRAF;ULTRAFORCE
ULTRAF2;ULTRAFORCE VOL. 2
ULTRAF ∞;ULTRAFORCE ∞
ULTRAF/A;ULTRAFORCE/AVENGERS
ULTRAF/AP;ULTRAFORCE/AVENGERS PRELUDE
ULTRAF/SM;ULTRAFORCE/SPIDER-MAN
ULTRAV:FS;ULTRAVERSE: FUTURE SHOCK
ULTRAVDF;ULTRAVERSE DOUBLE FEATURE
ULTRAVP;ULTRAVERSE PREMIERE
ULTRAVU;ULTRAVERSE UNLIMITED
ULTRAVYZ;ULTRAVERSE YEAR ZERO: DEATH OF THE SQUAD
ULTRON;ULTRON
ULTS;ULTIMATES
ULTS2;ULTIMATES 2
ULTS3;ULTIMATES 3
ULTSEC;ULTIMATE SECRET
ULTSIX;ULTIMATE SIX
ULTSM;ULTIMATE SPIDER-MAN
ULTSM2;ULTIMATE SPIDER-MAN VOL. 2
ULTSSAGA;ULTIMATES SAGA
ULTT;ULTIMATE THOR
ULTVIS;ULTIMATE VISION
ULTWAR;ULTIMATE WAR
ULTWV.H;ULTIMATE WOLVERINE VS. HULK
ULTX;ULTIMATE X
ULTX/4;ULTIMATE X/4
ULTXM;ULTIMATE X-MEN
ULTXM/FF;ULTIMATE X-MEN/FANTASTIC FOUR
UNIX;UNIVERSE X
UNIX X;UNIVERSE X X
UO;UNCANNY ORIGINS
US1;U.S. 1
USA;USAGENT
USA2;USAGENT VOL. 2
USAC;USA COMICS
USAC70A;USA COMICS 70TH ANNIVERSARY SPECIAL
UTALES;UNCANNY TALES
UTNU:D.P.7;UNTOLD TALES OF THE NEW UNIVERSE: D.P.7
UTNU:JUST;UNTOLD TALES OF THE NEW UNIVERSE: JUSTICE
UTNU:NMASK;UNTOLD TALES OF THE NEW UNIVERSE: NIGHTMASK
UTNU:PF;UNTOLD TALES OF THE NEW UNIVERSE: PSI-FORCE
UTNU:SBRAND;UNTOLD TALES OF THE NEW UNIVERSE: STAR BRAND
UTPMAX;UNTOLD TALES OF PUNISHER MAX
UTSM;UNTOLD TALES OF SPIDER-MAN
UTSM:SE;UNTOLD TALES OF SPIDER-MAN: STRANGE ENCOUNTERS
UW;UNDERWORLD
UX;UNCANNY X-MEN
UX2;UNCANNY X-MEN VOL. 2
UX3;UNCANNY X-MEN VOL. 3
UX/FF;UNCANNY X-MEN/FANTASTIC FOUR
UX:HAGE;UNCANNY X-MEN: HEROIC AGE
UXFOR;UNCANNY X-FORCE
UXFOR2;UNCANNY X-FORCE VOL. 2
V;VENOM
V2;VENOM VOL. 2
V SSPEC;VENOM SUPER SPECIAL
V:ACS;VENOM: ALONG CAME A SPIDER
V:CRNGU;VENOM: CARNAGE UNLEASHED
V:EW;VENOM: ENEMY WITHIN
V:F;VENOM: FINALE
V:FP;VENOM: FUNERAL PYRE
V:HUNGER;VENOM: HUNGER
V:HUNTED;VENOM: HUNTED
V:LP;VENOM: LETHAL PROTECTOR
V:LTK;VENOM: LICENSE TO KILL
V:MACE;VENOM: MACE
V:MADNESS;VENOM: MADNESS
V:NOV;VENOM: NIGHTS OF VENGEANCE
V:OT;VENOM: ON TRIAL
V:SA;VENOM: SEPARATION ANXIETY
V:SB;VENOM: SIGN OF THE BOSS
V:SOD;VENOM: SEED OF DARKNESS
V:STA;VENOM: SINNER TAKES ALL
V:TC;VENOM: TOOTH & CLAW
VAL;VALKYRIE
VAL2;VALKYRIE VOL. 2
VENGEANCE;VENGEANCE
VENUS;VENUS
VFH;VILLAINS FOR HIRE
VIS;VISION
VIS2;VISION VOL. 2
VIS&SCRW;VISION & SCARLET WITCH
VIS&SCRW2;VISION & SCARLET WITCH VOL. 2
VOMK;VENGEANCE OF THE MOON KNIGHT
VT;VAMPIRE TALES (MAGAZINE)
VV.CRNG;VENOM VS. CARNAGE
W;WOLVERINE
W2;WOLVERINE VOL. 2
W3;WOLVERINE VOL. 3
W4;WOLVERINE VOL. 4
W5;WOLVERINE VOL. 5
W6;WOLVERINE VOL. 6
W&BCAT:CLAWSII;WOLVERINE & BLACK CAT: CLAWS II
W&JUB;WOLVERINE & JUBILEE
W&PP;WOLVERINE & POWER PACK
W&X;WOLVERINE & X-MEN
W&X2;WOLVERINE & X-MEN VOL. 2
W&X 27AU;WOLVERINE & X-MEN 27AU
W&X:A&O;WOLVERINE & X-MEN: ALPHA & OMEGA
W/C;WOLVERINE/CABLE: GUTS AND GLORY
W/CA;WOLVERINE/CAPTAIN AMERICA
W/DOOP;WOLVERINE/DOOP
W/DP:D;WOLVERINE/DEADPOOL: DECOY
W/GAM:VIC;WOLVERINE/GAMBIT: VICTIMS
W/H;WOLVERINE/HULK
W/HRC:MMM;WOLVERINE/HERCULES: MYTHS, MONSTERS & MUTANTS
W/NF:SR;WOLVERINE/NICK FURY: SCORPIO RISING
W/P;WOLVERINE/PUNISHER
W/P:DE;WOLVERINE/PUNISHER: DAMAGING EVIDENCE
W/P:R;WOLVERINE/PUNISHER: REVELATION
W/WITCHBLADE;WOLVERINE/WITCHBLADE
W:AIM;WOLVERINE: AMAZING IMMORTAL MAN & OTHER BLOODY TALES
W:ANN;WOLVERINE: ANNIVERSARY
W:AOATLAS;WOLVERINE: AGENT OF ATLAS
W:BC;WOLVERINE: BLOODY CHOICES
W:BEST;WOLVERINE: BEST THERE IS
W:BLOODLUST;WOLVERINE: BLOODLUST
W:BR;WOLVERINE: BLACK RIO
W:CB;WOLVERINE: CARNI-BRAWL
W:CS;WOLVERINE: CHOP SHOP
W:DB;WOLVERINE: DOOMBRINGER
W:DFA;WOLVERINE: DUST FROM ABOVE
W:DG;WOLVERINE: DANGEROUS GAMES
W:DH;WOLVERINE: DEVELOPMENT HELL
W:DOD;WOLVERINE: DEBT OF DEATH
W:DOFP;WOLVERINE: DAYS OF FUTURE PAST
W:E;WOLVERINE: END
W:EVIL;WOLVERINE: EVILUTION
W:FB;WOLVERINE: FIREBREAK
W:FC;WOLVERINE: FIRST CLASS
W:FTS;WOLVERINE: FLIES TO A SPIDER
W:GJ;WOLVERINE: GLOBAL JEOPARDY
W:H;WOLVERINE: HUNGER
W:IF;WOLVERINE: INNER FURY
W:JA;WOLVERINE: JUNGLE ADVENTURE
W:KILLING;WOLVERINE: KILLING
W:KMS;WOLVERINE: KILLING MADE SIMPLE
W:KT;WOLVERINE: KNIGHT OF TERRA
W:MD;WOLVERINE: MANIFEST DESTINY
W:MRX;WOLVERINE: MR. X
W:NETSUKE;WOLVERINE: NETSUKE
W:O;WOLVERINE: ORIGINS
W:OML;WOLVERINE: OLD MAN LOGAN GIANT-SIZE
W:ONO;WOLVERINE: ONE NIGHT ONLY
W:REV;WOLVERINE: REVOLVER
W:RT;WOLVERINE: RAHNE OF TERRA
W:RTH;WOLVERINE: ROAD TO HELL
W:SAUDADE;WOLVERINE: SAUDADE
W:SAV;WOLVERINE: SAVAGE
W:SB;WOLVERINE: SWITCHBACK
W:SNIKT;WOLVERINE: SNIKT
W:SOC;WOLVERINE: SON OF CANADA
W:SOUL;WOLVERINE: SOULTAKER
W:UB;WOLVERINE: UNDER THE BOARDWALK
W:WEN;WOLVERINE: WENDIGO!
W:WORST;WOLVERINE: WORST THERE IS
W:WX;WOLVERINE: WEAPON X
W:XISLE;WOLVERINE: XISLE
WAR;WAR
WARC;WAR COMICS
WARH;WARHEADS
WARH:BD;WARHEADS: BLACK DAWN
WARM;WAR MACHINE
WARM2;WAR MACHINE VOL. 2
WARM ASH;WAR MACHINE ASHCAN
WAYART;WHAT, ARE YOU ACTUALLY READING THIS?
WBN;WEREWOLF BY NIGHT
WBN2;WEREWOLF BY NIGHT VOL. 2
WCA;WEST COAST AVENGERS
WCA2;WEST COAST AVENGERS VOL. 2
WEAPON0/SS;WEAPON 0/SILVER SURFER
WEARP;WYATT EARP
WEDOD;WEDDING OF DRACULA
WG;WESTERN GUNFIGHTERS
WG2;WESTERN GUNFIGHTERS VOL. 2
WHUNT;WITCH HUNTER
WI?;WHAT IF?
WI?2;WHAT IF? VOL. 2
WI? SPEC;WHAT IF? SPECIAL
WI?AD;WHAT IF? AVENGERS DISASSEMBLED
WI?ANNI;WHAT IF? ANNIHILATION
WI?ASTONX;WHAT IF? ASTONISHING X-MEN
WI?CA;WHAT IF? CAPTAIN AMERICA
WI?CW;WHAT IF? CIVIL WAR
WI?DD;WHAT IF? DAREDEVIL
WI?DOOMTG;WHAT IF? DOCTOR DOOM HAD BECOME THE THING?
WI?FF;WHAT IF? FANTASTIC FOUR
WI?FS;WHAT IF? FALLEN SON
WI?GENRH;WHAT IF? GENERAL ROSS HAD BECOME THE HULK?
WI?IM;WHAT IF? IRON MAN: DEMON IN AN ARMOR
WI?JJA;WHAT IF? JESSICA JONES HAD JOINED THE AVENGERS?
WI?KPL;WHAT IF? KAREN PAGE HAD LIVED?
WI?MPX;WHAT IF? MAGNETO HAD FORMED THE X-MEN WITH PROFESSOR X?
WI?NFF;WHAT IF? NEWER FANTASTIC FOUR
WI?SECINV;WHAT IF? SECRET INVASION
WI?SMO;WHAT IF? SPIDER-MAN THE OTHER
WI?SMV.W;WHAT IF? SPIDER-MAN VS. WOLVERINE
WI?SUB;WHAT IF? SUB-MARINER
WI?T;WHAT IF? THOR
WI?W;WHAT IF? WOLVERINE
WI?WIERINGO;WHAT IF? MIKE WIERINGO
WI?WWH;WHAT IF? WORLD WAR HULK
WI?XAOA;WHAT IF? X-MEN AGE OF APOCALYPSE
WI?XRFSE;WHAT IF? X-MEN: RISE AND FALL OF THE SHI'AR EMPIRE
WIH;WAR IS HELL
WIH:PE;WAR IS HELL: PHANTOM EAGLE
WILDT;WILD THING
WILDT2;WILD THING VOL. 2
WITCHBLADE/EL;WITCHBLADE/ELEKTRA
WITCHES;WITCHES
WLOCK;(POWER OF) WARLOCK
WLOCK3;WARLOCK VOL. 3
WLOCK4;WARLOCK VOL. 4
WLOCK5;WARLOCK VOL. 5
WLOCK&TIW;WARLOCK & THE INFINITY WATCH
WLOCKC;WARLOCK CHRONICLES
WM;WONDER MAN
WM2;WONDER MAN VOL. 2
WM3;WONDER MAN VOL. 3
WMAKER;WIDOWMAKER
WMC;WIZARD MINI-COMIC
WMD;WHERE MONSTERS DWELL
WMD2;WHERE MONSTERS DWELL VOL. 2
WNOIR;WOLVERINE NOIR
WOK;WAR OF KINGS
WOK:A;WAR OF KINGS:ASCENSION
WOK:DHAWK;WAR OF KINGS: DARKHAWK
WOK:WARR;WAR OF KINGS: WARRIORS
WOK:WARRCRYSTAL;WAR OF KINGS: WARRIORS CRYSTAL
WOK:WARRGLAD;WAR OF KINGS: WARRIORS GLADIATOR
WOK:WARRLIL;WAR OF KINGS: WARRIORS LILANDRA
WOM/;WOMEN OF MARVEL
WOSCRS;WEB OF SCARLET SPIDER
WOSM;WEB OF SPIDER-MAN
WOSM2;WEB OF SPIDER-MAN VOL. 2
WOSM SSPEC;WEB OF SPIDER-MAN SUPER SPECIAL
WPACK;WOLFPACK
WRATH;WRATH
WSDM;WISDOM
WSOL;WINTER SOLDIER
WSOL:BM;WINTER SOLDIER: BITTER MARCH
WSOL:WK;WINTER SOLDIER: WINTER KILLS
WSTRK;WARSTRIKE
WT;WHITE TIGER
WT?;WHAT THE--?!
WTSM;WEBSPINNERS: TALES OF SPIDER-MAN
WV.T;WOLVERINE VS. THOR
WWESTERN;WILD WESTERN
WWH;WORLD WAR HULK
WWH:A;WORLD WAR HULK: AFTERSMASH
WWH:FL;WORLD WAR HULK: FRONT LINE
WWH:GC;WORLD WAR HULK: GAMMA CORPS
WWH:X;WORLD WAR HULK: X-MEN
WWHA:DAMCON;WORLD WAR HULK: AFTERSMASH! DAMAGE CONTROL
WWHA:WARB;WORLD WAR HULK AFTERSMASH: WARBOUND
WWHP:WB;WORLD WAR HULK PROLOGUE: WORLD BREAKER
WWHS;WORLD WAR HULKS
WWHS:CAV.W;WORLD WAR HULKS: CAPTAIN AMERICA VS. WOLVERINE
WWHS:SMV.T;WORLD WAR HULKS: SPIDER-MAN VS. THOR
WWT;WEIRD WONDER TALES
WX;WEAPON X
WX2;WEAPON X VOL. 2
WX:DAZERO;WEAPON X: DRAFT - AGENT ZERO
WX:DOFN;WEAPON X: DAYS OF FUTURE NOW
WX:KANE;WEAPON X: KANE
WX:MARROW;WEAPON X: MARROW
WX:SAURON;WEAPON X: SAURON
WX:WC;WEAPON X: WILD CHILD
WXNOIR;WEAPON X NOIR
X;X-MEN
X2;X-MEN VOL. 2
X3;X-MEN VOL. 3
X4;X-MEN VOL. 4
X51;X-51
X&AF;X-MEN & ALPHA FLIGHT
X&AF2;X-MEN & ALPHA FLIGHT VOL. 2
X&CLAN;X-MEN & CLAN DESTINE
X&MICRO;X-MEN & MICRONAUTS
X&SM;X-MEN & SPIDER-MAN
X/DOOM;X-MEN/DOCTOR DOOM
X/FF;X-MEN/FANTASTIC FOUR (X/4)
X/RUN;X-MEN/RUNAWAYS
X:198;X-MEN: 198
X:ALPHA;X-MEN: ALPHA
X:AV.D;X-MEN: APOCALYPSE VS. DRACULA
X:BS;X-MEN: BLIND SCIENCE
X:COLB;X-MEN: COLOSSUS BLOODLINE
X:D;X-MEN: DECLASSIFIED
X:DBS;X-MEN: DIE BY THE SWORD
X:DG;X-MEN: DEADLY GENESIS
X:DWS;X-MEN: DIVIDED WE STAND
X:ES;X-MEN: ENDANGERED SPECIES
X:EV;X-MEN: EMPEROR VULCAN
X:FC;X-MEN: FIRST CLASS
X:HC;X-MEN: HELLFIRE CLUB
X:HY;X-MEN: HIDDEN YEARS
X:KB;X-MEN: KINGBREAKER
X:L;X-MEN: LEGACY
X:L2;X-MEN: LEGACY VOL. 2
X:LIB;X-MEN: LIBERATORS
X:MC;X-MEN: MESSIAH COMPLEX
X:MD;X-MEN: MANIFEST DESTINY
X:MDNC;X-MEN: MANIFEST DESTINY NIGHTCRAWLER
X:MT;X-MEN: MAGNETO TESTAMENT
X:MWAR;X-MEN: MAGNETO WAR
X:OMEGA;X-MEN: OMEGA
X:OMO;X-MEN: ODD MEN OUT
X:OS;X-MEN: ORIGINAL SIN
X:PHX;X-MEN: PHOENIX
X:PHXE;X-MEN: PHOENIX ENDSONG
X:PHXLOF;X-MEN: PHOENIX - LEGACY OF FIRE
X:PHXW;X-MEN: PHOENIX WARSONG
X:PIXIES&D;X-MEN: PIXIES & DEMONS
X:PIXIESB;X-MEN: PIXIE STRIKES BACK!
X:PRIME;X-MEN: PRIME
X:PSCHISM;X-MEN: PRELUDE TO SCHISM
X:R;X-MEN: RONIN
X:REG;X-MEN: REGENESIS
X:SB;X-MEN: SWORD OF THE BRADDOCKS
X:SCHISM;X-MEN: SCHISM
X:SECCOM;X-MEN: SECOND COMING
X:SFCY;X-MEN: SEARCH FOR CYCLOPS
X:TF;X-MEN: TRUE FRIENDS
X:TLLBSHP;X-MEN: TIMES & LIFE OF LUCAS BISHOP
X:TS&P;X-MEN: TO SERVE & PROTECT
X:WA;X-MEN: WEDDING ALBUM
X:WORLDS;X-MEN: WORLDS APART
X-23;X-23
X-23V2;X-23 VOL. 2
X-23V3;X-23 VOL. 3
X-23:TX;X-23: TARGET X
X-CAL;X-CALIBRE
X-U;X-UNIVERSE
X2099;X-MEN 2099
X2099 SPEC;X-MEN 2099 SPECIAL
X2099:O;X-MEN 2099: OASIS
XA;X-TINCTION AGENDA TPB
XB;X-BABIES
XBR;X-BABIES REBORN
XCAL;EXCALIBUR
XCAL2;EXCALIBUR VOL. 2
XCAL3;EXCALIBUR VOL. 3
XCAL:AA;EXCALIBUR: AIR APPARENT
XCAL:MM;EXCALIBUR: MOJO MAYHEM
XCAL:P;EXCALIBUR: POSSESSION
XCAL:WWIII;EXCALIBUR: WEIRD WAR III
XCAL:XXC;EXCALIBUR: XX CROSSING
XCALSE;EXCALIBUR: SPECIAL EDITION
XCHRON;X-MEN CHRONICLES
XCLUB;X-CLUB
XEN;XEN
XF;X-FACTOR
XF2;X-FACTOR VOL. 2
XF3;X-FACTOR VOL. 3
XF:LM;X-FACTOR: LAYLA MILLER
XF:PL;X-FACTOR: PRISONER OF LOVE
XF:Q&D;X-FACTOR: QUICK & THE DEAD
XFOR;X-FORCE
XFOR2;X-FORCE VOL. 2
XFOR3;X-FORCE VOL. 3
XFOR4;X-FORCE VOL. 4
XFOR&C;X-FORCE & CABLE
XFOR/C:MW;X-FORCE/CABLE: MESSIAH WAR
XFOR/CHMPS;X-FORCE/CHAMPIONS
XFOR/YOUNGBLOOD;X-FORCE/YOUNGBLOOD
XFOR:AND;X-FORCE: AIN'T NO DOG
XFOR:S&V;X-FORCE: SEX & VIOLENCE
XFOR:SRSTAR;X-FORCE: SHATTERSTAR
XFVR;X-MEN FOREVER
XG;X-MEN GOLD
XGS;X-MEN GIANT-SIZE
XINF;X-INFERNUS
XM;X-MAN
XM/IH;X-MAN/INCREDIBLE HULK
XM:ASD;X-MAN: ALL SAINTS DAY
XN2099;X-NATION 2099
XNEC;X-NECROSHA
XNEC:G;X-NECROSHA: GATHERING
XNOIR;X-MEN NOIR
XNOIR:CAIN;X-MEN NOIR: MARK OF CAIN
XO:COL;X-MEN ORIGINS: COLOSSUS
XO:CY;X-MEN ORIGINS: CYCLOPS
XO:EFROST;X-MEN ORIGINS: EMMA FROST
XO:GAM;X-MEN ORIGINS: GAMBIT
XO:ICE;X-MEN ORIGINS: ICEMAN
XO:JG;X-MEN ORIGINS: JEAN GREY
XO:SABRE;X-MEN ORIGINS: SABRETOOTH
XO:W;X-MEN ORIGINS: WOLVERINE
XSE;XSE
XSOSJAM;X-MEN SPOTLIGHT ON STARJAMMERS
XSTATIX;X-STATIX
XSTATIXP:DGIRL;X-STATIX PRESENTS: DEAD GIRL
XTERM;X-TERMINATORS
XU;X-MEN UNLIMITED
XU2;X-MEN UNLIMITED VOL. 2
XV.A;X-MEN VS. AVENGERS
XV.AOATLAS;X-MEN VS. AGENTS OF ATLAS
XV.BROOD;X-MEN VS. BROOD
XV.H;X-MEN VS. HULK
XW;X-WOMEN
XX;X-TREME X-MEN
XX2;X-TREME X-MEN VOL. 2
XX:SL;X-TREME X-MEN: SAVAGE LAND
XXX;X-TREME X-MEN: X-POSE
YA;YOUNG AVENGERS
YA2;YOUNG AVENGERS VOL. 2
YA SPEC;YOUNG AVENGERS SPECIAL
YALLIES;YOUNG ALLIES
YALLIESC;YOUNG ALLIES COMICS
YALLIESC70A;YOUNG ALLIES COMICS 70TH ANNIVERSARY SPECIAL
YAP;YOUNG AVENGERS PRESENTS
YA SPEC;YOUNG AVENGERS SPECIAL
YC;YELLOW CLAW
YMEN;YOUNG MEN
YOUNGBLOOD2;YOUNGBLOOD VOL. 2
YOUNGBLOOD/XFOR;YOUNGBLOOD/X-FORCE
YX;YOUNG X-MEN
