"3-D MAN/CHARLES CHAN";"3-D MAN"
"ABSORBING MAN/CARL C";"ABSORBING MAN"
AGINAR;AGINAR
"AJAK/TECUMOTZIN [ETE";AJAK
AMIKO;AMIKO
"ANCIENT ONE";"ANCIENT ONE"
"ANCIENT ONE/BARON MO";"ANCIENT ONE"
"ANDERS,JOSHUA RICHI";"ANCIENT ONE"
ANDERSON,BAXTER;"ANCIENT ONE"
ANDERSON,CHARLES;"ANCIENT ONE"
ANDERSON,CHET;"ANCIENT ONE"
"ANDERSON,CHIEF MAGI";"ANCIENT ONE"
ANDERSON,GINA;"ANCIENT ONE"
ANDERSON,MARJORIE;"ANCIENT ONE"
ANDERSON,NICKY;"ANCIENT ONE"
ANDERSSEN,TANYA;"ANCIENT ONE"
"ANDREWS,DARYL TROOP";"ANCIENT ONE"
ANNIHILUS;ANNIHILUS
"APOCALYPSE/EN SABAH ";APOCALYPSE
ARACHNE;ARACHNE
ARCADE/;ARCADE
"ARCLIGHT/PHILLIPA SO";ARCLIGHT
"ARMADILLO/ANTONIO RO";ARMADILLO
ARSENIC;ARSENIC
ASYLUM/;ASYLUM
"AURORA/JEANNE-MARIE ";AURORA
AUSTIN,GEN.;AURORA
AUSTIN,SUSAN;AURORA
AUSTIN,TERRY;AURORA
"AUTHIER,POLICE CHIE";AURORA
"AUTHIER,TRACY TRACE";AURORA
"AVALANCHE/DOMINIC PE";AVALANCHE
"BANSHEE/SEAN CASSIDY";BANSHEE
"BARON STRUCKER/WOLFG";"BARON STRUCKER"
BARRACUDA/;BARRACUDA
"BATTERING RAM";"BATTERING RAM"
"BEAST/HENRY &HANK& P";BEAST
BEAUMONT,SPENCER;BEAST
"BEDLAM/JESSE AARONSO";BEDLAM
BEEF/;BEEF
BENGAL/;BENGAL
BENJAMIN,BYRON;BENGAL
BENNETT,DANNY;BENGAL
BENNETT,MITCH;BENGAL
BENNING,VERONICA;BENGAL
BENNY,JAKE;BENGAL
BENTLEY,MILES;BENGAL
BENTLEY,VICTORIA;BENGAL
BENTON,TERRY;BENGAL
BENWAY,DR.;BENGAL
BERDITCHEV,ITZHAK;BENGAL
BEYONDER;BEYONDER
BI-BEAST;BI-BEAST
"BIG BERTHA/ASHLEY CR";"BIG BERTHA"
"BINARY/CAROL DANVERS";"CAROL DANVERS"
"BLACK BOLT/BLACKANTO";"BLACK BOLT"
"BLACK CAT/FELICIA HA";"BLACK CAT"
"BLACK CROW/JESSE BLA";"BLACK CROW"
"BLACK PANTHER/T'CHAL";"BLACK PANTHER"
"BLACK TARANTULA/LAMU";"BLACK TARANTULA"
"BLACK WIDOW/NATASHA ";"BLACK WIDOW"
BLACK,CAL;"BLACK WIDOW"
BLACK,CYRUS;"BLACK WIDOW"
BLACK,RACHEL;"BLACK WIDOW"
BLACKHEART;BLACKHEART
"BLACKOUT/MARCUS DANI";BLACKOUT
BLACKSHEAR,JONAS;BLACKOUT
BLADE;BLADE
BLASTAAR;BLASTAAR
"BLAZING SKULL/MARK T";"BLAZING SKULL"
BLESSING,MORGANA;"BLAZING SKULL"
BLINK/FERGUSON,CLAR;BLINK
"BLIZZARD/PROF. GREGO";BLIZZARD
"BLOB/FRED J. DUKES";BLOB
BLOCKBUSTER/;BLOCKBUSTER
BLOK;BLOK
"BLOKE/MICKEY TORK";BLOKE
"BLOODAXE/JACKIE LUKU";BLOODAXE
BLOODSCREAM;BLOODSCREAM
"BLOODSTRIKE/ERIC CON";BLOODSTRIKE
BLOODVESSEL,BUSTA;BLOODSTRIKE
"BLUE SHIELD/JOSEPH J";"BLUE SHIELD"
BLUR;BLUR
"BOOMER/TABITHA SMITH";BOOMER
"BOOMERANG/FRED MYERS";BOOMERANG
"BOX/ROGER BOCHS";BOX
"BOYD,TWO-FISTED TOM";BOX
BRADDOCK,ELIZABETH;BOX
BRADDOCK,JAMES;BOX
"BRADDOCK,JAMES JR. ";BOX
BRADDOCK,JOHN;BOX
BRADLEY,CARRIE;BOX
BRADLEY,HANK;BOX
BRADLEY,JESSICA;BOX
"BROTHER VOODOO/DANIE";"BROTHER VOODOO"
"BRUTE/REED RICHARDS ";BRUTE
"BUCKY/BUCKY BARNES";BUCKY
BUG;BUG
"BULLDOZER/HENRY CAMP";BULLDOZER
BULLSEYE;BULLSEYE
BUMPO,MR.;"MR. BUMPO"
BUSHWACKER/CARL;BUSHWACKER
BUSIEK,KURT;BUSHWACKER
BUTTERFLY;BUTTERFLY
CALIBAN/;CALIBAN
CALLISTO;CALLISTO
CALYPSO;CALYPSO
"CANNONBALL/JACK PULV";CANNONBALL
"CANNONBALL/SAM GUTHR";CANNONBALL
CANTOR,VERA;CANNONBALL
"CAPTAIN AMERICA";"CAPTAIN AMERICA"
"CAPTAIN BRITAIN/BRIA";"CAPTAIN BRITAIN"
"CAPTAIN UNIVERSE/STE";"CAPTAIN UNIVERSE"
"CARDIAC/DR. ELI WIRT";CARDIAC
CARETAKER;CARETAKER
"CARNAGE/CLETUS KASAD";CARNAGE
CARTER,SHARON;"SHARON CARTER"
"CATSEYE/SHARON SMITH";CATSEYE
CEREBRO;CEREBRO
CERISE;CERISE
"CH'OD";"CH'OD"
"CHAMBER/JONOTHON STA";CHAMBER
CHAMBERS,MR.;CHAMBER
"CHAMELEON/DMITRI SME";CHAMELEON
CHAMPION,IMUS;CHAMELEON
CHANGELING;CHANGELING
CHENEY,LILA;"LILA CHENEY"
CHIMERA/ZUHN;CHIMERA
CLEA;CLEA
"CLOAK/TYRONE JOHNSON";CLOAK
CLOONEY,DR.;CLOAK
"COBALT MAN";"COBALT MAN"
COLOSSUS;COLOSSUS
"CONSTRICTOR/FRANK PA";CONSTRICTOR
"CONTROLLER/BASIL SAN";CONTROLLER
CORSAIR;CORSAIR
CORSI,TOM;CORSAIR
"CORTES,MARIA PILAR";CORSAIR
CORTEZ,FABIAN;CORSAIR
COTTONMOUTH;COTTONMOUTH
"CRIMSON CRUSADER/ROR";"CRIMSON CRUSADER"
"CRIMSON DYNAMO/PROF.";"CRIMSON DYNAMO"
"CROSSBONES/BROCK BIN";CROSSBONES
CRULE;CRULE
CYBER;CYBER
"CYCLOPS/SCOTT SUMMER";CYCLOPS
"CYPHER/DOUG RAMSEY";CYPHER
"DAGGER/TANDY BOWEN";DAGGER
"DAGGER/TANDY BOWEN |";DAGGER
DAHN,FARNOQ;DAGGER
"DAREDEVIL/MATT MURDO";DAREDEVIL
"DARK BEAST/HENRY MCC";"DARK BEAST"
"DARKHAWK/CHRIS POWEL";DARKHAWK
"DARKSTAR/LAYNIA SERG";DARKSTAR
"DAZZLER/BURTRAM WORT";DAZZLER
"DEADPOOL/JACK/WADE W";DEADPOOL
DEAN,BETTY;DEADPOOL
DEAN,DARBY;DEADPOOL
DEAN,SUSAN;DEADPOOL
DEANGELO,DEVLIN;DEADPOOL
DEATH;DEATH
"DEATHLOK/COLONEL LUT";DEATHLOK
DEMOGOBLIN;DEMOGOBLIN
DESTINE,ADAM;"ADAM DESTINE"
DESTINE,NEWTON;"NEWTON DESTINE"
"DESTINY/PAUL DESTINE";DESTINY
"DIABLO/ESTEBAN DE AB";DIABLO
"DOC SAMSON/DR. LEONA";"DOC SAMSON"
DOCKERY,RUPERT;"DOC SAMSON"
DOMINO;DOMINO
"DOOMSDAY MAN";"DOOMSDAY MAN"
DOOP;DOOP
DOORMAN;DOORMAN
DORMAMMU;DORMAMMU
"DRACULA/VLAD TEPES";DRACULA
DRAGO,VALERIE;DRACULA
"DRAGON MAN";"DRAGON MAN"
"DRAX/ARTHUR DOUGLAS";DRAX
"DREAMING CELESTIAL/T";"DREAMING CELESTIAL"
DREYFUSS,RACHEL;"DREAMING CELESTIAL"
DRISCOLL,MAYOR;"DREAMING CELESTIAL"
DRUIG;DRUIG
EARTHQUAKE;EARTHQUAKE
"ECHO/MAYA LOPEZ";ECHO
EGO;EGO
"ELECTRO/MAX DILLON";ELECTRO
"ELEKTRA/ELEKTRA NATC";ELEKTRA
ELITE/;ELITE
ELLENTHORPE,MARIAH;ELITE
ELLIS,KEN;"KEN ELLIS"
"EMPATH/MANUEL ALFONS";EMPATH
"EMPLATE/MARIUS ST. C";EMPLATE
EPOCH;EPOCH
"ETERNITY/ADAM QADMON";ETERNITY
"EXODUS/BENNET DUPARI";EXODUS
"EXPEDITER/JOHN WRAIT";EXPEDITER
"FALCON/SAM WILSON";FALCON
"FAMINE/AUTUMN ROLFSO";FAMINE
FENRIS;FENRIS
"FERAL/MARIA CALLASAN";FERAL
FERGUSON,ISABEL;FERAL
"FIN FANG FOOM/MIDGAR";"FIN FANG FOOM"
"FIRE EATER/TOMAS";TOMAS
"FIREBIRD/BONITA JUAR";FIREBIRD
"FIREBRAND/GARY GILBE";FIREBRAND
"FIRELORD/PYREUS KRIL";FIRELORD
"FIRESTAR/ANGELICA JO";FIRESTAR
FLATMAN;FLATMAN
"FLYING DUTCHMAN";"FLYING DUTCHMAN"
FOREARM;FOREARM
FORGE;FORGE
"FORGOTTEN ONE/GILGAM";"FORGOTTEN ONE"
FROST,DEACON;"DEACON FROST"
FUJIKAWA,RUMIKO;"RUMIKO FUJIKAWA"
GALACTUS/GALAN;GALACTUS
"GAMBIT/REMY LEBEAU ";GAMBIT
GAMBLE,GRACIE;GAMBIT
GAMBONNO,ERNESTO;GAMBIT
GAMBONNO,LUIGI;GAMBIT
GAMORA;GAMORA
"GARGOYLE/IGOR DRENKO";GARGOYLE
GATEWAY;GATEWAY
"GEE/ALEX POWER";"ALEX POWER"
"GEIGER/DELILAH DEEDE";GEIGER
"GENESIS/TYLER DAYSPR";GENESIS
GIDEON;GIDEON
"GLORIAN/THOMAS GIDEO";GLORIAN
"GRANDMASTER/EN DWI G";GRANDMASTER
"GREY GARGOYLE/PAUL P";"GREY GARGOYLE"
"GRIM REAPER/ERIC WIL";"GRIM REAPER"
"GRIMM,BEN | EARTH-A";"GRIM REAPER"
"GRIMM,BEN | MUTANT ";"GRIM REAPER"
"GRIMM,BEN | TIMESLI";"GRIM REAPER"
GRIMM,JAKE;"GRIM REAPER"
"GRIMM,PETUNIA PENNY";"GRIM REAPER"
"GRIMM,SUE STORM EAR";"GRIM REAPER"
GRIPPO,BILLY;"GRIM REAPER"
"GUARDIAN/JAMES MACDO";GUARDIAN
"GYRICH,HENRY PETER";"HENRY PETER GYRICH"
HAMMER,JUSTIN;"JUSTIN HAMMER"
HAMMERHEAD;HAMMERHEAD
HANCOCK,CALISTA;HAMMERHEAD
HARDBALL;HARDBALL
HARPOON;HARPOON
HARRIER;HARRIER
"HAVOK/ALEX SUMMERS ";HAVOK
HEMINGWAY;HEMINGWAY
"HEX/DOMINIC DESTINE";HEX
HEYWERTH,GENERAL;HEX
HIBBERT,ELLEN;HEX
HIBBERT,HOPE;HEX
"HIDALGO,DETECTIVE J";HEX
HIGGINS,JANE;HEX
HIGGINS,LINDA;HEX
HIGGINS,RICHIE;HEX
HIGGINS,SAMUEL;HEX
"HIGH EVOLUTIONARY/HE";"HIGH EVOLUTIONARY"
"HINDSIGHT LAD/CARLTO";"HINDSIGHT LAD"
"HITMAN/LT. BURT KENY";HITMAN
HOGARTH,JERYN;"JERYN HOGARTH"
"HOLY/FATHER HECTOR R";HOLY
HONDA,DR.;HOLY
"HOWARD THE DUCK";"HOWARD THE DUCK"
"HOWARD,PROFESSOR MA";"HOWARD THE DUCK"
"HULK/DR. ROBERT BRUC";HULK
"HUMAN ROBOT";"HUMAN ROBOT"
"HUMAN TORCH/JOHNNY S";"HUMAN TORCH"
"HUMBUG/PROF. B. MITT";HUMBUG
"HUSK/PAIGE GUTHRIE";HUSK
"HUSK/PAIGE GUTHRIE |";HUSK
HUSSAR;HUSSAR
HYPNO-HUSTLER/;HYPNO-HUSTLER
"ICEMAN/ROBERT BOBBY ";ICEMAN
"IKARIS/IKE HARRIS [E";IKARIS
"IMP/PANDORA DESTINE";IMP
"IMPOSSIBLE MAN";"IMPOSSIBLE MAN"
IN-BETWEENER;IN-BETWEENER
INERTIA/;INERTIA
"INES,DR. DIDIER";INERTIA
"INVISIBLE WOMAN/SUE ";"INVISIBLE WOMAN"
"IRON MAN/TONY STARK ";"IRON MAN"
IRONCLAD;IRONCLAD
"JACK FLAG/";"JACK FLAG"
"JACKAL/MILES WARREN";JACKAL
"JAMESON,J. JONAH";"J. JONAH JAMESON"
"JETSTREAM/HAROUD IBN";JETSTREAM
JIGSAW;JIGSAW
JOCASTA;JOCASTA
JONES,GABE;"GABE JONES"
JOSEPH;JOSEPH
JOYSTICK/JANICE;JOYSTICK
"JUBILEE/JUBILATION L";JUBILEE
"JUGGERNAUT/CAIN MARK";JUGGERNAUT
"KA-ZAR/KEVIN PLUNDER";KA-ZAR
"KARMA/XI'AN COY MANH";KARMA
KHAN;KHAN
"KID COLT";"KID COLT"
"KILLER SHRIKE/SIMON ";"KILLER SHRIKE"
"KILLRAVEN/JONATHAN R";KILLRAVEN
"KING BEDLAM/CHRISTOP";"KING BEDLAM"
"KINGPIN/WILSON FISK";KINGPIN
"KLAW/ULYSSES KLAW";KLAW
KLEB,ROSA;KLAW
KLEIN,CAMERON;KLAW
KLEIN,SHIRLEY;KLAW
KLEIN,STANLEY;KLAW
KLEIN,SUMMER;KLAW
KLEINFELDT,LORNA;KLAW
KLEINSTOCK,HARLAN;KLAW
KLEINSTOCK,SVEN;KLAW
KNIGHT,MISTY;"MISTY KNIGHT"
"KRAVEN THE HUNTER/SE";"KRAVEN THE HUNTER"
"KRAY,D'VON";"KRAVEN THE HUNTER"
KREA,BRUNO;"KRAVEN THE HUNTER"
KRONOS;KRONOS
"KULAN GATH";"KULAN GATH"
"KYLUN/COLIN MCKAY";KYLUN
"LA NUIT";"LA NUIT"
"LADY DEATHSTRIKE/YUR";"LADY DEATHSTRIKE"
"LEADER/SAM STERNS";LEADER
LEECH;LEECH
LEGION;LEGION
"LIGHTSPEED/JULIE POW";LIGHTSPEED
"LILITH/ANGEL O'HARA/";LILITH
LILLIAN,BEA;LILITH
LIN,MEI;LILITH
LIN,PAULA;LILITH
"LIVING LIGHTNING/MIG";"LIVING LIGHTNING"
"LIVING MUMMY";"LIVING MUMMY"
"LIVING TRIBUNAL";"LIVING TRIBUNAL"
"LIZARD/DR. CURTIS CO";LIZARD
LOCKHEED;LOCKHEED
LONGSHOT;LONGSHOT
"MACHINE MAN/X-51";"MACHINE MAN"
MACINTOSH,ANN;"MACHINE MAN"
MACKAY,AILSA;"MACHINE MAN"
MACKAY,MURDO;"MACHINE MAN"
MACKENZIE,AL;"MACHINE MAN"
"MACKENZIE,DR. NEIL";"MACHINE MAN"
"MACLAIN,DR. MYRON";"MACHINE MAN"
MACON,ANGELO;"MACHINE MAN"
MACRAE,TRUTH;"MACHINE MAN"
MACTAGGART,JOE;"MACHINE MAN"
"MACTAGGART,MOIRA | ";"MACHINE MAN"
"MACTAGGERT,MOIRA KI";"MACHINE MAN"
"MADAME MASQUE/GIULIE";"MADAME MASQUE"
"MAELSTROM/MALCOLM ST";MAELSTROM
MAESTRO;MAESTRO
"MAGDALENE/MARISSA DA";MAGDALENE
MAGGOTT/JAPHETH;MAGGOTT
"MAGNETO/MAGNUS/ERIC ";MAGNETO
"MAJOR MAPLELEAF/LOUI";"MAJOR MAPLELEAF"
"MAKKARI/MIKE KHARY/I";MAKKARI
"MAN-THING/THEODORE T";MAN-THING
MANDARIN;MANDARIN
"MANDRILL/HENSLEY FAR";MANDRILL
MANELLI,DINO;MANDRILL
MANTA;MANTA
"MANTIS/? BRANDT";MANTIS
MANTLO,BILL;MANTIS
MANTONE,JORGE;MANTIS
"MARROW/SARAH ";MARROW
MARRS(-PAYNE),PHOEB;MARROW
MARRS,DESMOND;MARROW
MARSHALL,GRANT;MARROW
"MARTELL,SHIELD AGEN";MARROW
"MARVEL BOY/MARTIN BU";"MARVEL BOY"
MASQUE;MASQUE
"MASTER MOLD";"MASTER MOLD"
"MASTERMIND/JASON WYN";MASTERMIND
"MASTERS,ALICIA REIS";MASTERMIND
"MASTERS,DR. AUGUST";MASTERMIND
MASTERSON,KEVIN;MASTERMIND
"MATHEMANIC/THOMAS SO";MATHEMANIC
"MAULER/BRENDAN DOYLE";MAULER
"MEDUSA/MEDUSALITH AM";MEDUSA
MEGGAN;MEGGAN
MENTALLO;MENTALLO
"MENTOR/ALARS [ETERNA";MENTOR
MEPHISTO;MEPHISTO
MERCURY;MERCURY
MESMERO;MESMERO
METEORITE;METEORITE
"MICROCHIP/LINUS LIEB";MICROCHIP
"MICROMAX/SCOTT WRIGH";MICROMAX
"MIMIC/CALVIN RANKIN";MIMIC
"MINDWORM/WILLIAM TUR";MINDWORM
"MISS AMERICA/MADELIN";"MISS AMERICA"
"MOCKINGBIRD/DR. BARB";MOCKINGBIRD
MOJO;MOJO
"MOLE MAN/HARVEY RUPE";"MOLE MAN"
"MOLECULE MAN/OWEN RE";"MOLECULE MAN"
"MOLTEN MAN/MARK RAXT";"MOLTEN MAN"
MONGOOSE;MONGOOSE
"MOON KNIGHT/MARC SPE";"MOON KNIGHT"
"MOONDRAGON/HEATHER D";MOONDRAGON
"MOONSTONE/LLOYD BLOC";MOONSTONE
MOORE,CONNIE;MOONSTONE
MOORE,TONI;MOONSTONE
"MORBIUS/DR. MICHAEL ";MORBIUS
MORDO,ASTRID;MORBIUS
MORG;MORG
MORLUN;MORLUN
MORPH;MORPH
"MR. FANTASTIC/REED R";"MR. FANTASTIC"
"MR. IMMORTAL";"MR. IMMORTAL"
"MR. PAYBACK/";"MR. PAYBACK"
"MR. X";"MR. X"
"MULTIPLE MAN/JAMES A";"MULTIPLE MAN"
MUMM,MAX;"MULTIPLE MAN"
MUNDY,SHANE;"MULTIPLE MAN"
"MYSTERIO/QUENTIN BEC";MYSTERIO
"MYSTIQUE/RAVEN DARKH";MYSTIQUE
"NAMORA/AQUARIA NAUTI";NAMORA
"NAMORITA/NITA PRENTI";NAMORITA
NEBULA;NEBULA
"NEKRA/ADRIENNE HATRO";NEKRA
NEMESIS;NEMESIS
"NIGHT THRASHER/DUANE";"NIGHT THRASHER"
"NIGHTCRAWLER/KURT WA";NIGHTCRAWLER
"NIGHTHAWK/KYLE RICHM";NIGHTHAWK
"NIGHTMARE/EDVARD HAB";NIGHTMARE
NIGHTSHADE/TILDA;NIGHTSHADE
"NITRO/ROBERT L. HUNT";NITRO
NIVENA,JOANNA;NITRO
NIXON,RICHARD;NITRO
NOCTURNE/;NOCTURNE
NORTH,DAKOTA;"DAKOTA NORTH"
"NORTHSTAR/JEAN-PAUL ";NORTHSTAR
"NOVA/RICHARD RIDER";NOVA
NUKE;NUKE
OGUN;OGUN
"OMEGA RED/ARKADY ROS";"OMEGA RED"
ONSLAUGHT;ONSLAUGHT
"ORACLE/LADY SIBYL";ORACLE
ORPHAN;ORPHAN
ORPHAN-MAKER/PETER;ORPHAN-MAKER
OSBORN,HARRY;"HARRY OSBORN"
OSBORN,NORMAN;"NORMAN OSBORN"
"OWL/LELAND OWLSLEY";OWL
OZYMANDIAS;OZYMANDIAS
PAGE,KAREN;"KAREN PAGE"
"PALADIN/PAUL DENNIS";PALADIN
"PALERMO,HARRIET ROS";PALADIN
PALERMO,VICTOR;PALADIN
PALMIOTTI,JIMMY;PALADIN
PARKER,BEN;"BEN PARKER"
PARKER,MAY;"MAY PARKER"
"PATRIOT/JEFF MACE";PATRIOT
PATTERSON,JACK;PATRIOT
PATTON,JESS;PATRIOT
PAYBACK/;PAYBACK
PAYGE,REEVA;PAYBACK
PAYNE,EDWARD;PAYBACK
PAYNE,MICHAEL;PAYBACK
"PESTILENCE/CAPT. F.R";PESTILENCE
PILEDRIVER;PILEDRIVER
"PIP/PRINCE GOFERN";PIP
"PIXIE/ [ETERNAL]";PIXIE
PLAZM;PLAZM
"POLARIS/LORNA DANE";POLARIS
"POWER PRINCESS/ZARDA";ZARDA
"PRETTY BOY";"PRETTY BOY"
PRISM;PRISM
PRODIGY/;PRODIGY
"PROFESSOR X/CHARLES ";"PROFESSOR X"
"PROWLER/HOBIE BROWN";PROWLER
PRYDE,CARMEN;PROWLER
PRYDE,TERRI;PROWLER
PSYCHO-MAN;PSYCHO-MAN
"PSYLOCKE/ELISABETH B";PSYLOCKE
PSYNAPSE;PSYNAPSE
"PUCK/EUGENE MILTON J";PUCK
"PUFF ADDER";"PUFF ADDER"
"PUMA/THOMAS FIREHEAR";PUMA
PUNISHER;PUNISHER
"PUNISHER/FRANK CASTL";PUNISHER
"PUPPET MASTER/PHILLI";"PUPPET MASTER"
"PURPLE MAN/ZEBEDIAH ";"PURPLE MAN"
"PYRO/ALLERDYCE JOHNN";PYRO
QUASIMODO;QUASIMODO
"QUICKSILVER/PIETRO M";QUICKSILVER
"RADIOACTIVE MAN/DR. ";"RADIOACTIVE MAN"
"RAGE/ELVIN DARYL HAL";RAGE
RAM,SIR;"SIR RAM"
RANDOM;RANDOM
RASPUTIN,MIKHAIL;"MIKHAIL RASPUTIN"
RATTLER;RATTLER
"RAWHIDE KID";"RAWHIDE KID"
REAPER;REAPER
"RED GHOST/IVAN KRAGO";"RED GHOST"
"RED SHIFT";"RED SHIFT"
"RED SKULL/JOHANN SCH";"RED SKULL"
"RED WOLF/WILDRUN";"RED WOLF"
REDWING;REDWING
RHINO;RHINO
"RICOCHET/SEN. STEVEN";RICOCHET
"RICTOR/JULIO ESTEBAN";RICTOR
"RIDDLEY,HIRAM RAM";RICTOR
RIDER,CHARLES;RICTOR
RIDER,GLORIA;RICTOR
"RIDER,ROBERT ROBBIE";RICTOR
"RIDGE,CHRISTINA DEV";RICTOR
RIDGEWAY,DAWN;RICTOR
RIESER,ROB;RICTOR
RIFKIN,BIFF;RICTOR
RIFKIN,MARJORIE;RICTOR
RIPTIDE;RIPTIDE
RISQUE/GLORIA;RISQUE
"RITTER,DEBORAH ";RISQUE
RITTER,DONALD;RISQUE
"RIVERA,DR. JASON";RISQUE
RIVERA,MS.;RISQUE
RIVERS,JERRY;RISQUE
ROBERTS,CHESS;RISQUE
ROBERTS,TED;RISQUE
ROBERTSON,AMANDA;RISQUE
ROBERTSON,JOE;RISQUE
ROBERTSON,MARTHA;RISQUE
"ROBERTSON,PROF. BOB";RISQUE
ROBERTSON,RANDY;RISQUE
"ROBESON,PROFESSOR K";RISQUE
ROBINSON,LUCY;RISQUE
"ROCKET RACCOON";"ROCKET RACCOON"
"ROCKET RACER/ROBERT ";"ROCKET RACER"
ROUGHHOUSE;ROUGHHOUSE
"ROULETTE/DUDE JENSEN";ROULETTE
ROUSSEAU,ETIENNE;ROULETTE
RUSSIAN;RUSSIAN
"SABRA/RUTH BAT-SERAP";SABRA
"SABRETOOTH/VICTOR CR";SABRETOOTH
"SANDMAN/WILLIAM BAKE";SANDMAN
"SANDOR,PROFESSOR IS";SANDMAN
SANDOVAL,DIEGO;SANDMAN
SANDOVAL,JULIANA;SANDMAN
"SANTA CLAUS/NICK ST.";"SANTA CLAUS"
"SANTINI,DR. JOSE";"SANTA CLAUS"
SANTOS,JOSE;"SANTA CLAUS"
SANTOS,MARIO;"SANTA CLAUS"
SAPIR,HERSCHEL;"SANTA CLAUS"
SATANA;SATANA
"SAURON/DR. KARL LYKO";SAURON
SCALPHUNTER;SCALPHUNTER
"SCARLET WITCH/WANDA ";"SCARLET WITCH"
"SCARLOTTI,MICHAEL J";"SCARLET WITCH"
SCARLOTTI,MRS.;"SCARLET WITCH"
SCARPETTI,ALPHONSE;"SCARLET WITCH"
"SCHEMER/RICHARD FISK";"RICHARD FISK"
SCOURGE;SCOURGE
SCRAMBLER;SCRAMBLER
SELENE;SELENE
SENTINELS;SENTINELS
SERSI/SYLVIA;SERSI
"SHADOW KING/AMAHL FA";"SHADOW KING"
"SHADOWCAT/KATHERINE ";SHADOWCAT
SHADOWKNIGHT/RANDALL;RANDALL
"SHAMAN/MICHAEL TWOYO";SHAMAN
SHANG-CHI;SHANG-CHI
SHAPE;SHAPE
SHARD;SHARD
SHAW,SHINOBI;"SHINOBI SHAW"
SHELDON,PHIL;"PHIL SHELDON"
SHIVA;SHIVA
"SHIVER MAN";"SHIVER MAN"
"SHOCKWAVE/LANCASTER ";SHOCKWAVE
SHOOTER,JIM;SHOCKWAVE
"SHOOTING STAR";"SHOOTING STAR"
"SHOTGUN/ZEKE SALLING";SHOTGUN
"SHRIEK/SANDRA DEEL/F";SHRIEK
SIF;SIF
SILHOUETTE;SILHOUETTE
"SILVER FOX/BAYAN";"SILVER FOX"
"SILVER SABLE";"SILVER SABLE"
"SILVER SAMURAI/KENYU";"SILVER SAMURAI"
"SILVER SURFER/NORRIN";"SILVER SURFER"
"SILVERCLAW/LA GARRA ";SILVERCLAW
SILVERCLOUD,SAM;SILVERCLAW
"SILVERMANE/SILVIO MA";SILVERMANE
SITWELL,JASPER;"JASPER SITWELL"
"SKIN/ANGELO ESPINOSA";SKIN
SLEEPER;SLEEPER
SLEEPWALKER;SLEEPWALKER
SLYDE;SLYDE
"SMILING TIGER/";"SMILING TIGER"
SMITH,ANDY;"SMILING TIGER"
"SMITH,COL. TOLLIVER";"SMILING TIGER"
SMITH,DAPHNE;"SMILING TIGER"
"SMITH,DR. ARMSTRONG";"SMILING TIGER"
"SMITH,HELEN BACK";"SMILING TIGER"
SMITH,JOE;"SMILING TIGER"
SMITH,KEVIN;"SMILING TIGER"
SMITH,MANDY;"SMILING TIGER"
"SMITH,MARTY LOUIS L";"SMILING TIGER"
"SMITH,SIR DENIS NAY";"SMILING TIGER"
"SMITH,WANDA JO BIAL";"SMILING TIGER"
SMITHSON,T.B.;"SMILING TIGER"
SMYTHE,SPENCER;"SPENCER SMYTHE"
"SNOWBIRD/NARYA/ANNE ";SNOWBIRD
"SPIDER-MAN/PETER PAR";SPIDER-MAN
"SPITFIRE/LADY JACQUE";SPITFIRE
SPITZ,BARRY;SPITFIRE
SPOT/;SPOT
SPRITE;SPRITE
"SQUIRREL GIRL/";"SQUIRREL GIRL"
STACY,GWEN;"GWEN STACY"
STANE,OBADIAH;"OBADIAH STANE"
STARBOLT;STARBOLT
"STARDUST/T'URIN G'AR";STARDUST
STARFOX/EROS;STARFOX
STARK,MORGAN;"MORGAN STARK"
"STELLARIS/LEAH PRINC";STELLARIS
STICK;STICK
"STORM/ORORO MUNROE S";STORM
STRANGER;STRANGER
"STRONG GUY/GUIDO CAR";"STRONG GUY"
"STRONG,MARTIN HENRY";"STRONG GUY"
STRONG,SUSAN;"STRONG GUY"
STRYFE;STRYFE
"SUB-MARINER/NAMOR MA";SUB-MARINER
"SUEE,FAH LO";SUB-MARINER
"SUGAR MAN";"SUGAR MAN"
SUMO;SUMO
"SUNFIRE/SHIRO YASHID";SUNFIRE
"SUNFIRE/SHIRO YOSHID";SUNFIRE
"SUNSPOT/ROBERTO DACO";SUNSPOT
SUPER-ADAPTOID/ALESS;SUPER-ADAPTOID
"SUPREME INTELLIGENCE";"SUPREME INTELLIGENCE"
SURGE;SURGE
"SWARM/FRITZ VON MEYE";SWARM
"SWITCH/DEVON ALOMAR";SWITCH
SWITZLER,BEVERLY;SWITCH
"SWORDSMAN/JACQUES DU";SWORDSMAN
"SYNCH/EVERETT THOMAS";SYNCH
TALBOT,GLENN;"GLENN TALBOT"
TALOS;TALOS
"TANA NILE";"TANA NILE"
"TAROT/MARIE-ANGE COL";TAROT
"TARR,BLACK JACK";TAROT
TASKMASTER;TASKMASTER
TEMPEST/GRANNZ;TEMPEST
TERRAX;TERRAX
"TERROR/LASLO PEVELY";TERROR
"TEXAS TWISTER/DREW D";"TEXAS TWISTER"
THANOS;THANOS
THENA;THENA
"THING/BENJAMIN J. GR";THING
"THOR/DR. DONALD BLAK";THOR
"THUNDERBALL/DR. ELIO";THUNDERBALL
THUNDRA;THUNDRA
"TIGER SHARK/TODD ARL";"TIGER SHARK"
"TIMESLIP/RINA PATEL";TIMESLIP
TINKERER;TINKERER
TITANIA/;TITANIA
"TOAD/MORTIMER TOYNBE";TOAD
"TOMBSTONE/LONNIE THO";TOMBSTONE
TRAUMA;TRAUMA
"TRIATHLON/DELROY GAR";TRIATHLON
TRITON;TRITON
TUSK;TUSK
"TWO-GUN KID";"TWO-GUN KID"
"TYGER TIGER/JESSAN H";"TYGER TIGER"
TYGER,LORD;"TYGER TIGER"
"TYPHOID MARY/MARY ME";"TYPHOID MARY"
TYRANNUS;TYRANNUS
"U-GO GIRL/EDIE";"U-GO GIRL"
ULIK;ULIK
ULTIMO;ULTIMO
ULTRON;ULTRON
UMAR;UMAR
"UNICORN/MYLOS MASARY";UNICORN
URICH,BEN;"BEN URICH"
URSULA,LADY;"LADY URSULA"
VAPOR;VAPOR
VARGAS;VARGAS
VECTOR;VECTOR
VEDA;VEDA
"VENOM/EDDIE BROCK";"EDDIE BROCK"
VERMIN,LADY;"LADY VERMIN"
"VIPER/JORDON DIXON";VIPER
"VIVISECTOR/MYLES ALF";VIVISECTOR
"WALLOP/WALTER DESTIN";WALLOP
WARSTAR;WARSTAR
"WASP/JANET VAN DYNE ";WASP
"WATANABE,EMMALINE B";WASP
WATANABE,YUJI;WASP
"WENDIGO/PAUL CARTIER";WENDIGO
"WEREWOLF BY NIGHT/JA";"WEREWOLF BY NIGHT"
WERNER,P.D.Q.;"WEREWOLF BY NIGHT"
WESSEL,HARRY;"WEREWOLF BY NIGHT"
WEST,DALE;"WEREWOLF BY NIGHT"
WESTON,SALLY;"WEREWOLF BY NIGHT"
WESTPHAL,SIMON;"WEREWOLF BY NIGHT"
WETHERELL,MANOLI;"WEREWOLF BY NIGHT"
WEYING,ANN;"WEREWOLF BY NIGHT"
"WHIRLWIND/DAVID CANN";WHIRLWIND
WHITMAN,DEBRA;"DEBRA WHITMAN"
"WILD CHILD/KYLE GIBN";"WILD CHILD"
WILDSIDE;WILDSIDE
WING,COLLEEN;"COLLEEN WING"
"WOLFSBANE/RAHNE SINC";WOLFSBANE
WOLMAN,GIDEON;WOLFSBANE
"WOLVERINE/LOGAN ";WOLVERINE
"WONDER MAN/SIMON WIL";"WONDER MAN"
WONG;WONG
WOO,JIMMY;"JIMMY WOO"
WRAITH;WRAITH
"WRECKER/DR. KARL KOR";WRECKER
"X-CUTIONER/CARL DENT";X-CUTIONER
"X-MAN/NATHAN GREY ";X-MAN
YASHIDA,MARIKO;"MARIKO YASHIDA"
"YELLOW CLAW/TZING JA";"YELLOW CLAW"
ZALADANE;ZALADANE
"ZARAN/MAXIMILLIAN ZA";ZARAN
"ZEMO/BARON HEINRICH ";ZEMO
"ZODIAK/NORMAN HARRIS";ZODIAK
ZOLA,ARNIM;ZODIAK
"ZOLA,ARNIM II";ZODIAK
ZURAS;ZURAS
ZZZAX;ZZZAX
